customer_id,industry,company_size,geography,subscription_tier,tenure_months,mrr,billing_frequency,discount_used,payment_delays,daily_active_users,feature_adoption_rate,avg_session_length,time_to_value_days,open_support_tickets,avg_resolution_time_hours,nps_score,support_sentiment,last_login_days,logins_last_7_days,logins_last_30_days,churn,engagement_delta,inactivity_streak,support_friction_index
CUST0001,Retail,Small,India,Basic,36,1270.65,Annual,0,5,79,0.49,47.46,16,4,78.49,12,-0.43,36,8,111,0,-19.75,29,313.96
CUST0002,Education,Small,USA,Basic,47,127.69,Annual,0,0,85,0.62,46.42,42,9,27.35,45,0.47,14,26,94,0,2.5,7,246.15
CUST0003,Finance,Large,India,Basic,41,1295.63,Monthly,1,4,52,0.21,15.16,54,4,10.74,70,-0.78,14,4,108,0,-23,7,42.96
CUST0004,Education,Medium,Canada,Basic,5,1949.01,Monthly,1,2,56,0.75,11.14,14,8,36.8,-89,0.5,51,1,65,1,-15.25,44,294.4
CUST0005,Education,Small,UK,Basic,13,158.21,Monthly,0,2,76,0.34,12.87,13,9,27.71,-98,-0.91,42,21,109,0,-6.25,35,249.39
CUST0006,Healthcare,Large,India,Basic,23,1118.28,Monthly,0,5,68,0.68,10.89,41,3,66.69,19,-0.6,4,14,51,0,1.25,0,200.07
CUST0007,Finance,Medium,Canada,Enterprise,58,1500.63,Monthly,0,3,9,0.2,55.65,7,0,43.53,34,0.58,27,8,102,0,-17.5,20,0
CUST0008,Finance,Small,India,Basic,50,1624.31,Monthly,1,1,92,0.7,19.29,12,9,115.95,33,0.49,32,18,100,0,-7,25,1043.55
CUST0009,Finance,Medium,India,Professional,30,839.38,Monthly,0,0,23,0.17,24.13,37,4,115.66,-19,-0.05,10,9,13,0,5.75,3,462.64
CUST0010,Education,Large,UK,Basic,37,424.25,Annual,0,3,63,0.45,17.27,50,0,53.8,-56,-0.9,42,3,72,0,-15,35,0
CUST0011,Retail,Small,Australia,Basic,25,103.84,Annual,0,3,61,0.28,86.29,4,5,95.62,26,0.22,5,9,73,1,-9.25,0,478.1
CUST0012,Finance,Medium,Australia,Enterprise,48,1167.86,Monthly,0,5,40,0.76,77.21,2,9,2.58,-15,-0.19,22,26,62,0,10.5,15,23.22
CUST0013,Education,Small,India,Enterprise,27,916.76,Annual,1,0,44,0.3,22.28,35,9,66.19,14,-0.37,39,7,70,0,-10.5,32,595.71
CUST0014,Healthcare,Medium,USA,Professional,51,1898.51,Monthly,0,2,86,0.89,30.83,58,6,89.45,66,0.28,1,21,27,1,14.25,0,536.7
CUST0015,Retail,Large,Canada,Professional,14,140,Monthly,0,1,24,0.9,20.47,44,0,26.82,78,-0.13,14,12,109,0,-15.25,7,0
CUST0016,Healthcare,Large,USA,Enterprise,57,1377.08,Monthly,0,2,51,0.24,45.29,3,9,8.28,-92,-0.82,22,6,88,0,-16,15,74.52
CUST0017,Retail,Small,USA,Enterprise,48,69.43,Monthly,0,3,58,0.63,3.73,4,3,19.55,50,0.83,21,6,45,0,-5.25,14,58.65
CUST0018,Education,Medium,India,Basic,59,359.44,Monthly,0,1,90,0.13,61.08,38,8,53.58,-89,0.56,8,3,27,0,-3.75,1,428.64
CUST0019,Technology,Small,India,Enterprise,47,918.09,Monthly,1,4,94,0.42,48.04,12,0,61.26,15,-0.89,46,14,1,0,13.75,39,0
CUST0020,Retail,Small,India,Professional,54,920.65,Annual,1,3,33,0.73,81.08,19,8,46.33,-13,0.05,39,11,16,0,7,32,370.64
CUST0021,Healthcare,Medium,India,Basic,36,1377.69,Annual,0,2,16,0.68,16.47,10,7,53.36,-39,-0.83,29,15,58,0,0.5,22,373.52
CUST0022,Education,Medium,Australia,Professional,39,1822.22,Monthly,0,2,22,0.64,72.76,1,4,56.96,3,0.67,15,5,51,0,-7.75,8,227.84
CUST0023,Retail,Medium,India,Basic,16,1285.28,Annual,1,5,57,0.32,71.69,17,5,92.56,-28,0.23,58,27,3,0,26.25,51,462.8
CUST0024,Technology,Large,Australia,Enterprise,56,1908,Monthly,0,2,62,0.41,13.19,16,6,13.52,-24,-0.66,45,8,76,0,-11,38,81.12
CUST0025,Technology,Small,Australia,Professional,22,1765.6,Monthly,0,0,82,0.15,37.07,9,3,92.51,-61,-0.96,46,2,81,0,-18.25,39,277.53
CUST0026,Finance,Small,India,Basic,21,1177.31,Monthly,1,3,71,0.73,16.97,57,5,82.95,81,-0.94,51,7,2,0,6.5,44,414.75
CUST0027,Finance,Large,UK,Basic,54,1670.91,Monthly,1,1,90,0.53,24.42,53,6,89.26,34,0.01,29,6,114,0,-22.5,22,535.56
CUST0028,Healthcare,Medium,Canada,Enterprise,21,1292.3,Monthly,1,2,72,0.72,25.17,9,5,88.4,-84,0.47,44,3,36,0,-6,37,442
CUST0029,Retail,Large,USA,Enterprise,8,175.54,Monthly,1,5,70,0.29,50.95,59,5,57,18,-0.76,8,25,96,0,1,1,285
CUST0030,Retail,Large,Australia,Enterprise,49,1486.32,Monthly,1,5,30,0.36,38.2,55,1,26.16,25,-0.56,0,12,104,0,-14,0,26.16
CUST0031,Finance,Large,Canada,Professional,16,207.92,Annual,0,2,23,0.37,85.4,9,4,64.86,77,-0.35,58,18,23,0,12.25,51,259.44
CUST0032,Retail,Small,UK,Basic,59,1196.28,Monthly,0,0,32,0.07,13.12,12,2,115,-77,-0.56,37,29,71,1,11.25,30,230
CUST0033,Retail,Large,USA,Enterprise,55,1411.23,Monthly,0,5,86,0.37,87.68,55,6,71.03,-99,-0.22,7,6,34,0,-2.5,0,426.18
CUST0034,Technology,Small,USA,Professional,31,151.72,Monthly,0,1,57,0.81,22.3,41,3,2.31,-9,0.12,58,9,1,0,8.75,51,6.93
CUST0035,Finance,Small,Australia,Professional,42,476.97,Monthly,0,3,9,0.9,70.01,15,0,8.11,60,0.37,58,24,32,1,16,51,0
CUST0036,Education,Small,India,Professional,10,1833.03,Monthly,0,4,31,0.54,31.83,2,5,119.15,48,0.93,51,11,75,0,-7.75,44,595.75
CUST0037,Finance,Medium,UK,Enterprise,32,1240.3,Annual,0,0,71,0.48,14.59,11,5,9.56,16,0.86,17,25,85,0,3.75,10,47.8
CUST0038,Education,Small,Australia,Enterprise,59,507.65,Monthly,0,5,9,0.08,77.49,11,6,6.48,-48,0.14,26,2,76,0,-17,19,38.88
CUST0039,Technology,Small,UK,Basic,34,1387.55,Monthly,0,3,13,0.89,29.18,8,7,43.01,-55,0.47,17,25,9,0,22.75,10,301.07
CUST0040,Healthcare,Medium,India,Basic,9,1201.62,Monthly,0,4,58,0.06,59.98,55,2,116.35,-56,0.9,31,24,80,0,4,24,232.7
CUST0041,Retail,Small,India,Enterprise,17,1013.12,Monthly,0,2,3,0.95,51.85,32,5,38.92,-92,-0.83,57,28,61,0,12.75,50,194.6
CUST0042,Technology,Large,Australia,Professional,11,1952.85,Monthly,1,2,35,0.51,43.51,6,9,49.78,-95,-0.99,48,23,42,0,12.5,41,448.02
CUST0043,Retail,Large,India,Professional,32,1373.24,Monthly,0,1,97,0.37,45.63,53,1,76.46,-50,-0.94,31,11,68,0,-6,24,76.46
CUST0044,Healthcare,Small,Canada,Professional,10,763.37,Annual,0,4,21,0.93,66.44,20,8,3.87,18,0.13,52,18,58,0,3.5,45,30.96
CUST0045,Healthcare,Medium,USA,Basic,22,1604.15,Monthly,1,2,64,0.07,9.72,39,1,107.83,-66,0.53,47,14,8,0,12,40,107.83
CUST0046,Technology,Large,Australia,Professional,57,1771.47,Monthly,0,2,95,0.6,60.8,35,2,62.81,-19,-0.27,44,7,76,0,-12,37,125.62
CUST0047,Healthcare,Medium,UK,Basic,17,267.94,Monthly,0,5,52,0.57,80.83,8,9,56.55,80,0.09,53,11,59,0,-3.75,46,508.95
CUST0048,Education,Medium,Canada,Basic,4,417.09,Monthly,0,1,34,0.26,7.09,50,1,103.43,46,0.03,35,19,62,0,3.5,28,103.43
CUST0049,Healthcare,Large,Australia,Professional,48,448.13,Monthly,0,3,96,0.46,14.38,49,8,114.42,96,-0.81,35,5,51,0,-7.75,28,915.36
CUST0050,Retail,Medium,India,Professional,52,1388.6,Annual,1,2,35,0.67,65.06,43,0,51.39,-76,-0.36,20,27,22,0,21.5,13,0
CUST0051,Retail,Large,India,Enterprise,47,1214.02,Monthly,0,0,15,0.74,40.48,34,4,21.52,38,-0.96,45,9,29,0,1.75,38,86.08
CUST0052,Retail,Medium,India,Enterprise,25,1245.6,Monthly,1,0,96,0.05,37.51,57,0,98.07,-84,-0.78,31,1,42,0,-9.5,24,0
CUST0053,Retail,Large,India,Professional,59,1882.73,Monthly,0,3,6,0.94,14.05,53,4,48.99,-65,0.62,30,23,118,0,-6.5,23,195.96
CUST0054,Education,Small,UK,Basic,21,1556.3,Monthly,0,4,85,0.21,46.6,59,7,112.33,-5,0.66,36,12,67,0,-4.75,29,786.31
CUST0055,Finance,Large,Canada,Basic,37,273.32,Monthly,0,1,97,0.27,13.14,56,7,114.04,-80,0.6,15,24,20,0,19,8,798.28
CUST0056,Technology,Large,USA,Basic,38,708.06,Monthly,0,5,32,0.3,43.94,19,7,14.66,-83,0.45,45,6,42,0,-4.5,38,102.62
CUST0057,Retail,Large,UK,Basic,49,882.08,Monthly,0,0,52,0.09,69.2,7,1,114.83,87,0.59,45,7,72,0,-11,38,114.83
CUST0058,Healthcare,Large,UK,Basic,1,804,Monthly,0,0,83,0.17,24.73,31,7,44.82,45,0.34,13,22,6,0,20.5,6,313.74
CUST0059,Retail,Medium,USA,Enterprise,25,1345.23,Annual,0,3,97,0.99,44.31,18,4,77.9,-100,0.34,56,15,15,0,11.25,49,311.6
CUST0060,Healthcare,Small,USA,Professional,51,1785.95,Monthly,0,4,28,0.35,89.3,40,0,5.14,41,0.33,23,10,22,0,4.5,16,0
CUST0061,Healthcare,Large,India,Enterprise,36,625.98,Monthly,0,4,95,0.16,62.43,14,6,106.78,35,0.03,24,25,57,1,10.75,17,640.68
CUST0062,Retail,Medium,UK,Basic,17,1112.72,Monthly,1,3,85,0.15,76.04,39,5,77.35,93,-0.27,45,3,86,0,-18.5,38,386.75
CUST0063,Education,Small,Australia,Basic,41,1583.03,Monthly,0,0,98,0.73,38.51,60,4,77.58,-50,0.46,50,16,30,0,8.5,43,310.32
CUST0064,Healthcare,Small,USA,Basic,24,844.11,Monthly,0,1,64,0.86,69.57,53,0,108.36,-22,-0.4,34,15,68,0,-2,27,0
CUST0065,Healthcare,Small,USA,Basic,2,352.87,Monthly,0,0,79,0.29,5.56,60,0,61.49,87,0.09,16,18,5,0,16.75,9,0
CUST0066,Retail,Small,Canada,Professional,40,960.4,Monthly,0,4,78,0.07,12.82,59,5,49.85,61,-0.13,45,22,114,0,-6.5,38,249.25
CUST0067,Healthcare,Large,Australia,Basic,15,129.34,Monthly,1,5,19,0.26,19.87,36,9,104.07,-65,-0.45,41,26,64,0,10,34,936.63
CUST0068,Healthcare,Large,Australia,Professional,32,1885.92,Monthly,0,0,15,0.1,37.37,17,6,89.35,-39,0.95,44,10,58,0,-4.5,37,536.1
CUST0069,Retail,Medium,USA,Basic,39,168.15,Monthly,1,1,6,0.15,76.43,37,9,113.93,28,-0.48,53,6,111,0,-21.75,46,1025.37
CUST0070,Retail,Medium,India,Professional,59,888.14,Annual,0,2,73,0.46,32.47,44,9,112.87,-16,-0.38,3,26,27,0,19.25,0,1015.83
CUST0071,Technology,Medium,Canada,Enterprise,6,1069.16,Monthly,1,0,84,0.27,59.61,9,0,46.5,-59,-0.68,10,12,17,0,7.75,3,0
CUST0072,Education,Small,Australia,Basic,1,1970.9,Monthly,0,3,98,0.54,64.42,58,8,54.19,-100,0.65,46,18,87,0,-3.75,39,433.52
CUST0073,Education,Small,USA,Professional,47,348.72,Monthly,1,2,38,0.29,53.58,20,3,31.46,-47,0.17,14,16,76,0,-3,7,94.38
CUST0074,Healthcare,Large,Australia,Enterprise,23,246.57,Monthly,0,3,26,0.94,33.44,45,4,79.62,74,0.23,29,25,96,0,1,22,318.48
CUST0075,Education,Small,Canada,Basic,58,37.24,Monthly,0,3,82,0.91,52.78,57,1,44.38,-1,0.64,23,24,9,0,21.75,16,44.38
CUST0076,Healthcare,Small,Canada,Basic,39,328.03,Monthly,0,3,92,0.59,32.12,28,9,94.55,-62,-0.31,1,27,6,0,25.5,0,850.95
CUST0077,Technology,Small,UK,Basic,57,430.4,Annual,0,0,51,0.39,9.38,50,7,15.46,57,-0.61,42,21,36,0,12,35,108.22
CUST0078,Retail,Medium,USA,Professional,17,1268.55,Monthly,1,4,73,0.41,89.37,20,1,14.85,-94,-0.6,33,12,95,0,-11.75,26,14.85
CUST0079,Retail,Medium,Canada,Professional,34,455.02,Monthly,0,2,96,0.44,13.19,41,2,25.33,49,0.47,22,28,44,0,17,15,50.66
CUST0080,Retail,Large,UK,Enterprise,59,60.63,Monthly,0,1,53,0.74,8.37,36,8,11.03,20,0.23,30,11,85,0,-10.25,23,88.24
CUST0081,Education,Small,UK,Professional,41,1656.7,Monthly,0,4,56,0.48,79.31,53,1,74.78,77,-0.59,36,6,15,0,2.25,29,74.78
CUST0082,Technology,Small,Australia,Professional,29,743.88,Monthly,0,0,59,0.86,28.56,27,5,18.53,-56,-0.71,12,0,87,0,-21.75,5,92.65
CUST0083,Education,Large,Australia,Basic,9,720.32,Annual,0,3,70,0.95,59.23,8,3,20.04,-27,-0.76,32,0,115,0,-28.75,25,60.12
CUST0084,Education,Small,UK,Basic,13,618.91,Monthly,1,1,78,0.37,30.95,32,6,2.69,19,0.26,6,19,117,0,-10.25,0,16.14
CUST0085,Technology,Small,Australia,Basic,6,1951.24,Annual,0,2,92,0.58,36.45,1,5,94.07,-29,-1,31,22,13,0,18.75,24,470.35
CUST0086,Technology,Medium,Canada,Basic,6,356.83,Annual,1,4,58,0.14,25.07,17,9,97.66,37,-0.96,6,13,10,0,10.5,0,878.94
CUST0087,Technology,Large,India,Basic,20,1798.51,Annual,0,5,88,0.24,32.19,57,8,20.28,41,-0.22,41,26,82,0,5.5,34,162.24
CUST0088,Technology,Large,Canada,Basic,52,1558.07,Monthly,0,4,13,0.44,38.14,9,8,89,-55,0.38,37,14,86,1,-7.5,30,712
CUST0089,Retail,Large,UK,Basic,53,171.43,Monthly,1,1,43,0.25,65.4,20,9,52.59,22,0.39,51,10,33,0,1.75,44,473.31
CUST0090,Finance,Large,UK,Enterprise,3,1973.72,Monthly,0,0,76,0.88,47.02,45,3,29.51,17,-0.14,43,23,59,0,8.25,36,88.53
CUST0091,Finance,Medium,Canada,Enterprise,17,557.3,Monthly,0,2,51,0.2,85.03,32,0,74.94,-26,0.38,12,25,103,0,-0.75,5,0
CUST0092,Technology,Medium,Australia,Enterprise,49,215.19,Monthly,0,1,19,0.48,5.69,2,1,22.24,-95,0.04,23,8,12,0,5,16,22.24
CUST0093,Finance,Small,Australia,Enterprise,12,1662.04,Annual,0,3,21,0.63,46.27,32,7,91.07,-80,0.95,27,16,38,0,6.5,20,637.49
CUST0094,Finance,Small,UK,Basic,48,1419.22,Monthly,0,2,91,0.71,53.41,45,9,6.67,89,-0.68,31,3,43,0,-7.75,24,60.03
CUST0095,Technology,Small,USA,Enterprise,47,1242.09,Monthly,1,4,83,0.41,82.98,9,7,115.14,46,0.2,42,19,27,0,12.25,35,805.98
CUST0096,Finance,Small,Australia,Basic,45,328.84,Monthly,0,1,24,0.88,6.33,30,1,9.55,2,-0.02,17,18,39,0,8.25,10,9.55
CUST0097,Education,Medium,Canada,Enterprise,55,967.42,Monthly,0,4,26,0.59,52.47,20,3,69.95,-13,-0.61,33,6,15,0,2.25,26,209.85
CUST0098,Healthcare,Large,Australia,Professional,1,1565.5,Monthly,1,4,45,0.47,77.12,38,0,108.36,-2,0.5,47,0,49,1,-12.25,40,0
CUST0099,Healthcare,Medium,Canada,Enterprise,17,621.18,Annual,1,4,28,0.11,23.29,60,6,2.42,-39,-0.45,33,8,114,0,-20.5,26,14.52
CUST0100,Technology,Small,UK,Enterprise,3,637.15,Monthly,0,0,82,0.49,79.11,1,3,60.32,6,-0.24,50,12,27,0,5.25,43,180.96
CUST0101,Retail,Medium,Australia,Basic,26,26.22,Annual,0,4,29,0.83,3.68,60,7,42.65,-18,-0.25,37,23,67,0,6.25,30,298.55
CUST0102,Technology,Large,Canada,Enterprise,15,365,Annual,0,3,17,0.63,66.46,57,8,70.06,80,-0.51,0,1,91,0,-21.75,0,560.48
CUST0103,Retail,Large,UK,Professional,36,1753.3,Annual,1,3,68,0.84,84.11,5,8,27.83,51,-0.14,42,1,59,0,-13.75,35,222.64
CUST0104,Healthcare,Medium,USA,Basic,32,894.66,Monthly,1,2,44,0.52,59.83,35,2,8.72,-45,-0.05,49,23,11,0,20.25,42,17.44
CUST0105,Technology,Medium,Canada,Basic,32,1968.78,Annual,0,5,61,0.16,40.63,36,4,75.49,89,0.49,41,26,15,0,22.25,34,301.96
CUST0106,Education,Medium,USA,Enterprise,4,803.5,Monthly,0,4,93,0.06,5.95,1,5,50.61,61,0.53,30,29,52,0,16,23,253.05
CUST0107,Finance,Small,USA,Basic,18,1436.07,Monthly,0,4,68,0.34,82.97,14,5,75.08,-79,-0.68,49,14,53,0,0.75,42,375.4
CUST0108,Retail,Medium,India,Basic,49,578.2,Monthly,1,1,74,0.71,43.39,9,9,26.05,-33,0.19,59,16,48,1,4,52,234.45
CUST0109,Finance,Medium,Australia,Basic,19,740.34,Monthly,0,0,25,0.8,4.55,30,7,41.31,84,0.79,0,12,35,0,3.25,0,289.17
CUST0110,Finance,Medium,Canada,Basic,43,397.64,Monthly,1,5,95,0.33,62.7,24,5,67.84,-91,-0.78,50,6,61,0,-9.25,43,339.2
CUST0111,Technology,Large,USA,Basic,52,707.18,Monthly,1,2,67,0.52,44.4,4,5,71.58,-35,-0.05,15,8,83,0,-12.75,8,357.9
CUST0112,Finance,Large,India,Basic,35,1103.53,Monthly,0,5,2,0.45,12.94,50,3,45.31,-93,0.5,57,11,25,0,4.75,50,135.93
CUST0113,Education,Small,UK,Professional,40,1983.71,Annual,0,4,89,0.44,20.86,14,6,34.33,22,0.22,38,2,55,0,-11.75,31,205.98
CUST0114,Finance,Small,Canada,Enterprise,14,1335.12,Monthly,0,1,49,0.27,7.68,25,7,33.57,-63,-0.8,14,22,119,0,-7.75,7,234.99
CUST0115,Technology,Large,USA,Professional,58,414.51,Monthly,0,0,70,0.18,52.54,4,2,21.79,22,-0.21,32,21,89,0,-1.25,25,43.58
CUST0116,Education,Large,Australia,Basic,33,109.02,Monthly,0,2,26,0.24,56.74,25,6,39.72,-39,0.01,22,14,21,0,8.75,15,238.32
CUST0117,Healthcare,Large,India,Basic,14,270.19,Monthly,0,5,72,0.1,46.51,10,2,24.73,55,0.99,52,6,119,0,-23.75,45,49.46
CUST0118,Finance,Medium,USA,Enterprise,34,1133.86,Annual,1,2,99,0.24,73.9,35,7,76.42,37,-0.64,40,22,72,0,4,33,534.94
CUST0119,Technology,Medium,Australia,Professional,55,1535.02,Monthly,1,4,27,0.06,77.77,55,0,68.72,-56,0.96,33,25,68,0,8,26,0
CUST0120,Healthcare,Large,USA,Enterprise,4,1882.03,Monthly,0,2,89,0.65,56.17,7,0,46.53,-36,-0.25,16,0,80,0,-20,9,0
CUST0121,Healthcare,Medium,Canada,Professional,24,51.33,Monthly,0,1,18,0.35,3.12,42,5,39.77,-34,-0.6,24,13,48,0,1,17,198.85
CUST0122,Retail,Medium,Canada,Basic,59,1055.07,Annual,0,2,54,0.97,63.18,13,9,29.28,36,-0.17,55,18,97,0,-6.25,48,263.52
CUST0123,Education,Small,Canada,Enterprise,29,952.32,Monthly,1,3,1,0.23,38.78,4,8,64.72,32,0.23,41,15,1,0,14.75,34,517.76
CUST0124,Finance,Large,India,Enterprise,19,1318.99,Annual,1,1,61,0.38,51.77,50,3,110.35,5,-0.57,5,9,52,0,-4,0,331.05
CUST0125,Technology,Large,Canada,Basic,6,1127.97,Monthly,0,5,3,0.39,59.12,43,5,82.6,37,-0.42,30,0,118,0,-29.5,23,413
CUST0126,Retail,Medium,Australia,Enterprise,57,1380.34,Monthly,0,0,68,0.06,32.82,57,4,89.59,39,0.71,4,4,6,0,2.5,0,358.36
CUST0127,Education,Large,USA,Professional,33,1323,Monthly,0,0,41,0.85,82.7,36,0,100.29,-19,1,39,2,99,0,-22.75,32,0
CUST0128,Retail,Small,UK,Professional,49,251.68,Annual,0,4,37,0.08,13.79,56,5,42.84,-43,-0.36,39,16,76,1,-3,32,214.2
CUST0129,Education,Small,Australia,Professional,40,1603.44,Monthly,0,4,51,0.94,61.09,14,8,8.48,48,-0.7,29,17,19,0,12.25,22,67.84
CUST0130,Education,Small,Australia,Professional,19,264,Monthly,1,3,15,0.9,2.38,18,2,75.08,48,0.59,4,25,93,0,1.75,0,150.16
CUST0131,Finance,Large,Canada,Basic,53,1403.09,Monthly,1,5,8,0.56,83.37,8,2,23.45,92,0.2,11,20,29,0,12.75,4,46.9
CUST0132,Education,Large,India,Enterprise,1,843.97,Monthly,0,0,38,0.57,11.9,32,1,68.72,30,-0.8,6,26,74,0,7.5,0,68.72
CUST0133,Retail,Large,USA,Professional,5,1037.42,Monthly,1,0,83,0.67,10.35,27,3,89,-32,0.89,44,18,94,0,-5.5,37,267
CUST0134,Education,Large,India,Basic,27,1808.53,Annual,1,0,56,0.42,31.3,42,9,94.25,-12,-0.84,12,21,66,0,4.5,5,848.25
CUST0135,Finance,Large,USA,Enterprise,16,1781.97,Monthly,0,0,47,0.66,34.87,37,2,36.92,-37,0.25,48,24,58,1,9.5,41,73.84
CUST0136,Finance,Small,USA,Enterprise,6,1639.36,Monthly,0,2,90,0.09,20.86,23,1,61.98,76,-0.15,3,21,65,0,4.75,0,61.98
CUST0137,Retail,Medium,India,Basic,40,1030.09,Annual,1,5,10,0.1,53.49,7,0,74.89,-29,0.11,49,17,111,0,-10.75,42,0
CUST0138,Healthcare,Small,Australia,Basic,13,1477.75,Monthly,0,1,78,0.48,40.98,12,2,98.52,-84,-0.57,41,15,2,0,14.5,34,197.04
CUST0139,Healthcare,Large,USA,Professional,48,1035.54,Monthly,1,1,49,0.57,5.01,25,9,91.61,-28,0.38,2,1,55,0,-12.75,0,824.49
CUST0140,Education,Small,India,Enterprise,35,1741.82,Monthly,1,3,41,0.89,30.13,3,5,118.57,59,0.92,11,14,78,0,-5.5,4,592.85
CUST0141,Technology,Large,USA,Enterprise,19,817.5,Monthly,1,2,83,0.15,73.32,26,8,1.96,-31,-0.08,0,12,16,0,8,0,15.68
CUST0142,Education,Large,UK,Basic,12,1941.07,Monthly,1,0,30,0.83,62.69,4,4,53.06,12,0.05,26,12,111,0,-15.75,19,212.24
CUST0143,Retail,Small,Australia,Enterprise,16,1866,Monthly,1,0,5,0.25,65.79,42,2,31.47,-80,-0.52,42,15,51,0,2.25,35,62.94
CUST0144,Retail,Large,Canada,Professional,59,1488.37,Monthly,1,4,95,0.42,63.43,36,4,15.27,34,0.78,49,7,6,0,5.5,42,61.08
CUST0145,Retail,Medium,USA,Enterprise,43,573.24,Monthly,0,4,71,0.35,29.37,15,4,109.47,-94,0.94,12,10,111,0,-17.75,5,437.88
CUST0146,Retail,Large,UK,Basic,10,280.67,Annual,0,3,83,0.43,10.77,32,4,119.76,10,0.57,16,7,4,0,6,9,479.04
CUST0147,Retail,Medium,Canada,Basic,25,1712.31,Annual,0,0,31,0.19,25.98,29,6,22.49,-74,0.09,7,21,97,0,-3.25,0,134.94
CUST0148,Finance,Medium,Canada,Professional,20,347.3,Annual,1,3,52,0.53,75.2,10,4,5.57,-93,0.91,31,9,96,0,-15,24,22.28
CUST0149,Healthcare,Large,USA,Professional,31,1711.44,Annual,0,2,88,0.81,88.28,21,6,33.73,100,-0.69,19,22,53,0,8.75,12,202.38
CUST0150,Retail,Small,India,Enterprise,4,991.71,Monthly,0,1,98,0.47,45.46,54,8,100.35,-73,-0.04,50,0,60,0,-15,43,802.8
CUST0151,Technology,Medium,USA,Enterprise,44,824.98,Annual,0,0,23,0.52,2.85,16,4,35.97,93,0.08,16,11,108,0,-16,9,143.88
CUST0152,Technology,Small,UK,Basic,23,1808.32,Monthly,1,5,48,0.86,14.32,47,1,7.77,98,-0.02,33,8,15,0,4.25,26,7.77
CUST0153,Technology,Medium,Canada,Professional,2,1215.62,Monthly,1,2,40,0.72,30.34,19,4,7.25,-54,0.6,34,4,100,0,-21,27,29
CUST0154,Technology,Large,USA,Professional,56,1161.7,Monthly,1,0,6,0.52,52.92,29,7,51.86,-15,0.34,34,8,66,0,-8.5,27,363.02
CUST0155,Finance,Large,India,Professional,22,1126.36,Monthly,0,5,38,0.29,8.61,52,3,111.89,-91,-0.75,37,15,58,0,0.5,30,335.67
CUST0156,Technology,Medium,USA,Enterprise,51,754.92,Annual,1,4,41,0.89,85.02,51,1,35.02,13,-0.31,41,17,46,1,5.5,34,35.02
CUST0157,Retail,Large,Australia,Professional,57,1575.57,Annual,1,3,27,0.6,34.13,18,9,51.83,-68,-0.32,23,29,47,0,17.25,16,466.47
CUST0158,Education,Medium,India,Basic,37,520.54,Monthly,0,4,75,0.26,82.31,58,2,13.13,34,0.13,53,7,106,0,-19.5,46,26.26
CUST0159,Technology,Large,UK,Basic,8,1879.01,Annual,0,1,69,0.31,70.69,44,8,59.74,30,-0.42,17,22,114,0,-6.5,10,477.92
CUST0160,Finance,Small,Canada,Enterprise,7,1790.09,Monthly,0,4,57,0.81,68.48,57,8,83.89,-87,-0.77,49,10,63,0,-5.75,42,671.12
CUST0161,Finance,Large,USA,Enterprise,14,688.21,Monthly,1,0,17,0.09,55.39,16,7,33.27,71,0.31,45,29,49,0,16.75,38,232.89
CUST0162,Technology,Small,India,Professional,56,1464.34,Monthly,0,5,71,0.99,57.16,1,7,36.31,-55,0.7,47,19,84,0,-2,40,254.17
CUST0163,Education,Large,Australia,Enterprise,55,1154.98,Monthly,0,4,91,0.17,58.14,48,7,101.2,-40,0.86,38,18,40,0,8,31,708.4
CUST0164,Technology,Small,India,Basic,3,688.55,Annual,1,0,47,0.81,57.33,2,7,2.23,63,0.95,32,3,71,0,-14.75,25,15.61
CUST0165,Finance,Large,Australia,Professional,50,1977.27,Annual,0,1,79,0.43,50.73,56,7,76.74,-88,0.56,48,19,21,0,13.75,41,537.18
CUST0166,Healthcare,Small,UK,Basic,16,69.97,Annual,0,5,13,0.52,88.8,15,0,47.87,-85,-0.72,22,25,114,0,-3.5,15,0
CUST0167,Retail,Medium,Canada,Professional,55,520.24,Monthly,0,4,11,0.89,66.44,39,5,36.51,32,0.71,24,9,53,0,-4.25,17,182.55
CUST0168,Finance,Medium,UK,Enterprise,19,1049.75,Annual,0,3,90,0.44,70.37,28,8,79.25,-63,-0.2,36,23,4,0,22,29,634
CUST0169,Technology,Small,USA,Professional,51,1053.47,Monthly,1,3,86,0.56,78.78,1,7,100.33,77,0.46,26,12,16,0,8,19,702.31
CUST0170,Retail,Large,India,Professional,18,1186.09,Annual,0,5,92,0.1,20.98,5,2,67.45,-63,0.06,0,28,100,0,3,0,134.9
CUST0171,Technology,Small,Australia,Basic,52,1508.32,Monthly,0,3,24,0.05,9.37,42,0,4.7,2,0.66,20,19,77,0,-0.25,13,0
CUST0172,Technology,Large,Australia,Basic,16,1254.49,Monthly,0,4,93,0.28,44.49,22,1,55.91,-45,-0.15,58,13,102,0,-12.5,51,55.91
CUST0173,Healthcare,Medium,India,Professional,8,1208.56,Monthly,0,4,73,0.7,47.24,53,1,56.07,-38,-0.88,48,20,40,0,10,41,56.07
CUST0174,Retail,Large,India,Enterprise,60,125.96,Monthly,0,5,4,0.17,74.97,36,6,65.71,19,0.11,9,1,91,0,-21.75,2,394.26
CUST0175,Retail,Medium,USA,Enterprise,33,765.53,Monthly,1,4,46,0.16,41.05,46,5,80.84,-53,-0.66,30,28,94,0,4.5,23,404.2
CUST0176,Healthcare,Large,UK,Basic,49,479.47,Monthly,1,0,18,0.44,52.24,13,1,3.3,4,0.93,43,3,80,0,-17,36,3.3
CUST0177,Finance,Large,Australia,Enterprise,12,545.43,Monthly,1,1,43,0.67,48.38,1,7,60.74,-42,0.05,24,6,34,0,-2.5,17,425.18
CUST0178,Technology,Large,USA,Basic,53,1117.59,Monthly,1,3,80,0.73,5.36,16,8,71.01,-24,0.11,19,18,39,0,8.25,12,568.08
CUST0179,Education,Small,UK,Enterprise,11,415.02,Monthly,0,0,33,0.22,56.14,55,6,41.86,71,0.81,56,29,21,0,23.75,49,251.16
CUST0180,Technology,Small,USA,Professional,5,602.02,Monthly,0,5,93,0.13,74.87,41,3,80.54,26,0.25,1,29,108,0,2,0,241.62
CUST0181,Technology,Medium,Australia,Basic,27,489.43,Monthly,1,3,10,0.94,15.86,22,0,28.15,-46,-0.39,54,16,47,0,4.25,47,0
CUST0182,Finance,Medium,India,Basic,12,1898.04,Monthly,0,0,73,0.3,54.3,32,3,38.77,-46,-0.41,47,15,52,1,2,40,116.31
CUST0183,Technology,Small,India,Professional,17,1890.44,Monthly,0,4,59,0.86,54.24,16,3,115.57,28,0,14,12,92,0,-11,7,346.71
CUST0184,Healthcare,Medium,UK,Basic,6,1227.68,Annual,0,5,31,0.87,16.45,51,7,42.42,35,0.73,27,23,9,0,20.75,20,296.94
CUST0185,Healthcare,Small,Canada,Enterprise,33,1850.55,Annual,0,5,28,0.78,12.86,15,3,42.23,26,0.59,12,23,17,0,18.75,5,126.69
CUST0186,Retail,Large,UK,Enterprise,5,1575.91,Monthly,0,3,60,0.21,88.24,58,3,71.89,31,0.93,49,21,98,0,-3.5,42,215.67
CUST0187,Education,Medium,Canada,Basic,57,1188.1,Annual,1,4,3,0.83,36.65,46,1,116.55,-16,-0.86,59,22,107,0,-4.75,52,116.55
CUST0188,Technology,Medium,USA,Enterprise,28,32.74,Annual,0,3,55,0.78,22.01,52,9,117.99,14,-0.46,51,25,79,0,5.25,44,1061.91
CUST0189,Technology,Small,USA,Basic,14,1549.58,Annual,0,2,14,0.62,17.08,42,6,69.98,80,-0.84,53,26,113,0,-2.25,46,419.88
CUST0190,Finance,Medium,Australia,Professional,5,1410.93,Monthly,1,0,58,0.37,60.75,53,3,1.13,-43,0.5,13,17,48,0,5,6,3.39
CUST0191,Healthcare,Medium,Canada,Basic,54,1238.2,Monthly,1,2,89,0.3,55.63,12,5,108.18,-64,-0.72,49,20,70,0,2.5,42,540.9
CUST0192,Education,Large,Australia,Professional,56,1525.64,Monthly,0,0,15,0.17,58.63,60,2,68.86,-52,-0.8,1,11,29,0,3.75,0,137.72
CUST0193,Retail,Medium,India,Enterprise,59,1035.59,Monthly,0,1,2,0.53,9.74,1,6,44.55,-34,0.12,33,22,18,0,17.5,26,267.3
CUST0194,Healthcare,Large,Canada,Professional,33,1414.08,Monthly,1,5,24,0.61,80.63,53,5,99.67,-82,-0.18,34,24,54,0,10.5,27,498.35
CUST0195,Retail,Small,UK,Enterprise,50,1871.64,Monthly,1,3,78,0.39,36.26,17,2,48.58,28,0.43,36,0,59,0,-14.75,29,97.16
CUST0196,Finance,Medium,India,Basic,48,764.09,Annual,1,1,64,0.5,29.58,41,3,5.05,-72,-0.03,24,14,86,0,-7.5,17,15.15
CUST0197,Finance,Large,India,Enterprise,41,1422.08,Annual,1,1,71,0.4,42.69,55,9,98.71,-14,-0.15,47,2,71,0,-15.75,40,888.39
CUST0198,Technology,Small,UK,Basic,19,961.86,Monthly,1,5,24,0.66,36.33,51,4,65.96,-68,-0.15,53,5,80,0,-15,46,263.84
CUST0199,Education,Medium,India,Basic,22,1355.31,Monthly,0,5,27,0.91,77.99,57,8,41.24,18,0.74,14,13,20,0,8,7,329.92
CUST0200,Retail,Small,Canada,Professional,5,1530.53,Monthly,1,0,37,0.21,83.77,50,5,30.86,79,-0.21,11,22,25,0,15.75,4,154.3
CUST0201,Healthcare,Medium,Australia,Professional,59,110,Annual,0,2,94,0.41,28.7,28,3,71.66,68,-0.33,8,5,27,0,-1.75,1,214.98
CUST0202,Finance,Small,India,Professional,2,1300.27,Monthly,1,4,91,0.18,78.03,7,6,25.76,50,-0.32,57,0,38,0,-9.5,50,154.56
CUST0203,Technology,Small,Canada,Professional,30,468.95,Monthly,0,0,39,0.64,70.77,9,1,39.54,32,-0.61,30,19,32,0,11,23,39.54
CUST0204,Technology,Large,USA,Enterprise,47,1346.66,Monthly,0,4,63,0.74,83.91,22,3,76.75,-30,0.72,13,5,39,1,-4.75,6,230.25
CUST0205,Retail,Small,Canada,Enterprise,39,947.29,Monthly,0,1,79,0.94,23.63,26,4,105.9,84,-0.71,28,7,82,0,-13.5,21,423.6
CUST0206,Finance,Medium,Australia,Enterprise,4,1551.63,Monthly,0,4,26,0.31,52.77,53,3,64.41,33,0.82,52,25,28,0,18,45,193.23
CUST0207,Education,Medium,Canada,Basic,33,264.33,Monthly,0,2,65,0.95,26.16,12,3,91.33,76,-0.43,47,14,19,1,9.25,40,273.99
CUST0208,Finance,Large,UK,Enterprise,13,1260.12,Annual,0,0,4,0.11,74.52,7,8,91.8,-79,0.8,42,13,19,0,8.25,35,734.4
CUST0209,Retail,Medium,Australia,Enterprise,20,571.37,Annual,0,5,29,0.62,2.47,46,1,80.06,-24,0.58,37,15,73,0,-3.25,30,80.06
CUST0210,Retail,Medium,USA,Enterprise,54,1708.9,Annual,1,2,1,0.1,51.7,47,5,30.25,-97,0.16,41,19,11,0,16.25,34,151.25
CUST0211,Finance,Medium,UK,Professional,7,1858.2,Annual,0,2,50,0.9,31.85,15,7,104.15,-29,0.34,59,22,119,0,-7.75,52,729.05
CUST0212,Retail,Small,Canada,Enterprise,15,1992.87,Monthly,1,0,86,0.55,30.4,38,7,52.92,91,-0.35,7,15,96,0,-9,0,370.44
CUST0213,Finance,Small,Australia,Basic,23,1596.09,Monthly,1,5,11,0.69,58.75,21,6,6.26,64,0.15,47,26,119,0,-3.75,40,37.56
CUST0214,Healthcare,Medium,USA,Professional,14,1512.39,Annual,1,2,74,0.84,76.93,14,9,30.11,58,-0.42,2,18,24,0,12,0,270.99
CUST0215,Finance,Large,UK,Basic,23,446.69,Annual,0,5,59,0.19,55.61,2,3,92.1,64,-0.2,1,23,24,0,17,0,276.3
CUST0216,Finance,Small,USA,Enterprise,19,685.29,Monthly,1,3,62,0.09,77.08,8,6,9.23,27,0.53,15,0,116,0,-29,8,55.38
CUST0217,Retail,Large,Canada,Professional,54,942.05,Monthly,0,3,81,0.88,25.28,45,9,18.54,-56,-0.51,18,3,3,0,2.25,11,166.86
CUST0218,Retail,Medium,USA,Basic,29,1551.29,Monthly,0,3,36,0.35,47.72,55,5,83.61,35,0.68,29,23,3,0,22.25,22,418.05
CUST0219,Technology,Medium,India,Enterprise,56,1831.63,Monthly,0,4,56,0.17,41.65,6,5,107.22,67,-0.25,40,9,8,0,7,33,536.1
CUST0220,Technology,Small,UK,Basic,20,394.5,Monthly,0,2,90,0.5,3.02,37,1,76.41,-8,0.06,15,19,14,0,15.5,8,76.41
CUST0221,Healthcare,Medium,USA,Basic,29,1846.29,Monthly,1,0,21,0.62,51,37,7,27.45,-96,0.88,30,17,119,0,-12.75,23,192.15
CUST0222,Technology,Small,Canada,Basic,24,1397.34,Monthly,0,0,13,0.08,60.21,57,7,7.36,55,0.36,53,1,25,0,-5.25,46,51.52
CUST0223,Finance,Medium,Canada,Enterprise,18,1229.33,Monthly,1,4,9,0.31,54.09,33,6,74.2,3,0.29,57,3,78,0,-16.5,50,445.2
CUST0224,Retail,Medium,USA,Enterprise,10,415.69,Annual,1,0,11,0.08,66.79,41,8,6.64,-20,0.42,27,14,89,0,-8.25,20,53.12
CUST0225,Technology,Small,Canada,Basic,41,129.94,Monthly,0,3,75,0.45,52.28,6,7,73.91,-14,0.84,3,28,91,1,5.25,0,517.37
CUST0226,Technology,Small,Australia,Professional,57,1145.56,Monthly,0,2,70,0.9,7.87,52,8,27.84,36,-0.5,9,3,70,0,-14.5,2,222.72
CUST0227,Healthcare,Small,Australia,Professional,8,1310,Monthly,0,0,1,0.98,12.25,26,8,108.65,29,0.23,50,15,31,0,7.25,43,869.2
CUST0228,Healthcare,Medium,Australia,Enterprise,26,437.35,Annual,0,0,70,0.66,54.49,39,5,57.54,-38,-0.2,44,14,75,0,-4.75,37,287.7
CUST0229,Finance,Medium,India,Enterprise,29,1121.78,Monthly,0,1,77,0.2,26.2,41,1,27.65,-50,-0.98,17,17,98,0,-7.5,10,27.65
CUST0230,Retail,Large,USA,Enterprise,10,1715.86,Annual,1,1,86,0.91,9.01,37,6,102.52,15,-0.75,46,6,51,0,-6.75,39,615.12
CUST0231,Healthcare,Small,India,Enterprise,17,1673.43,Monthly,1,1,56,0.54,39.81,14,2,31.23,12,-0.35,31,14,31,0,6.25,24,62.46
CUST0232,Technology,Medium,Canada,Enterprise,2,1856.16,Annual,0,2,31,0.2,50.78,37,6,37.49,-70,0.13,29,21,8,0,19,22,224.94
CUST0233,Retail,Medium,India,Professional,6,744.45,Annual,0,3,86,0.93,30.93,8,8,100.28,-94,0.76,35,10,77,0,-9.25,28,802.24
CUST0234,Retail,Small,Canada,Enterprise,58,649.74,Monthly,1,5,37,0.77,65.4,39,9,37.75,57,0.58,8,18,12,0,15,1,339.75
CUST0235,Technology,Large,Canada,Basic,5,1503.86,Monthly,0,3,47,0.75,58.65,13,9,49.81,85,0.11,35,7,55,0,-6.75,28,448.29
CUST0236,Healthcare,Small,UK,Basic,28,873.6,Monthly,1,3,91,0.72,31.29,13,1,42.37,-98,-0.85,28,23,43,0,12.25,21,42.37
CUST0237,Technology,Large,Australia,Professional,41,193.35,Monthly,0,2,78,0.24,68.43,40,5,14.85,-50,-0.43,15,0,96,0,-24,8,74.25
CUST0238,Retail,Medium,Canada,Basic,5,579.95,Monthly,0,2,47,0.25,59.09,43,5,5.63,-45,-0.27,27,2,95,0,-21.75,20,28.15
CUST0239,Education,Large,UK,Professional,18,848.79,Monthly,1,1,69,0.7,58.1,28,8,87.22,-28,0.24,20,4,82,0,-16.5,13,697.76
CUST0240,Education,Medium,Australia,Professional,26,599.18,Monthly,0,0,58,0.26,50.7,58,8,77.77,-91,-0.87,46,17,29,0,9.75,39,622.16
CUST0241,Finance,Small,Canada,Basic,20,677.77,Monthly,1,4,36,0.47,3,18,4,34.6,-40,0.06,55,11,15,0,7.25,48,138.4
CUST0242,Technology,Small,Canada,Enterprise,41,601.68,Monthly,1,4,32,0.79,63.29,57,4,36.18,-51,0.8,1,11,11,0,8.25,0,144.72
CUST0243,Technology,Small,India,Basic,49,102.17,Monthly,0,5,98,0.79,35.09,19,8,113.46,21,0.41,59,20,73,0,1.75,52,907.68
CUST0244,Finance,Large,India,Basic,27,1281.45,Monthly,0,0,64,0.48,84.95,38,7,118.53,74,0.59,58,26,65,0,9.75,51,829.71
CUST0245,Finance,Medium,Australia,Professional,49,1202.64,Monthly,1,5,71,0.8,73.98,32,6,57.34,-100,0.36,45,25,17,0,20.75,38,344.04
CUST0246,Finance,Small,Canada,Basic,12,1313.7,Monthly,1,1,42,0.85,53.72,22,7,96.49,84,-0.59,34,18,12,0,15,27,675.43
CUST0247,Retail,Small,USA,Professional,7,400.77,Monthly,0,5,48,0.67,24.19,2,5,88.67,-63,-0.78,53,8,92,0,-15,46,443.35
CUST0248,Technology,Medium,India,Enterprise,59,605.4,Annual,1,0,74,0.27,19.93,60,2,36.38,89,0.66,27,10,23,0,4.25,20,72.76
CUST0249,Retail,Small,Australia,Enterprise,3,1246.84,Monthly,0,0,81,0.31,31.95,13,6,7.97,-22,0.39,54,16,101,0,-9.25,47,47.82
CUST0250,Finance,Medium,Canada,Enterprise,10,1207.26,Monthly,0,4,30,0.35,43.94,23,7,17.96,-12,0.15,35,15,11,0,12.25,28,125.72
CUST0251,Technology,Medium,Canada,Basic,34,1022.53,Monthly,1,1,21,0.16,28.05,25,7,100.76,97,-0.62,30,3,59,0,-11.75,23,705.32
CUST0252,Retail,Medium,USA,Professional,25,713.82,Annual,0,2,60,0.31,47.31,28,0,88.01,-19,0.21,32,9,59,0,-5.75,25,0
CUST0253,Retail,Medium,Australia,Enterprise,35,1827.6,Annual,1,5,13,0.25,16.55,58,6,80.06,92,-0.94,22,21,92,0,-2,15,480.36
CUST0254,Finance,Medium,Canada,Professional,16,692.75,Annual,0,4,1,0.48,88.04,11,2,16.55,89,-0.76,59,14,85,0,-7.25,52,33.1
CUST0255,Technology,Large,India,Professional,2,922.13,Monthly,0,5,65,0.91,11.5,33,1,77.15,83,-0.38,40,24,99,0,-0.75,33,77.15
CUST0256,Finance,Small,USA,Enterprise,60,1362.67,Monthly,0,5,33,0.15,84.01,24,1,92.89,-34,-0.11,16,18,0,0,18,9,92.89
CUST0257,Technology,Large,Australia,Enterprise,24,1095.18,Monthly,0,2,38,0.73,82.39,2,7,103.41,-84,-0.76,45,2,42,0,-8.5,38,723.87
CUST0258,Education,Small,USA,Professional,10,706.83,Monthly,1,1,25,0.7,48.23,30,8,2.57,26,-0.76,48,27,54,0,13.5,41,20.56
CUST0259,Healthcare,Large,India,Enterprise,38,882.58,Annual,0,0,26,0.14,65.79,17,2,82.45,11,0.45,0,20,39,0,10.25,0,164.9
CUST0260,Healthcare,Medium,Australia,Professional,22,1593.07,Monthly,0,3,77,0.93,40.37,40,2,3.27,35,0.14,41,22,63,0,6.25,34,6.54
CUST0261,Healthcare,Small,USA,Professional,26,570.7,Annual,0,5,59,0.59,57.44,34,5,85.12,-41,0.07,22,29,33,0,20.75,15,425.6
CUST0262,Finance,Small,UK,Enterprise,43,301.67,Monthly,0,3,92,0.4,31.97,38,9,76.64,-61,-0.1,47,4,33,1,-4.25,40,689.76
CUST0263,Education,Large,India,Basic,55,640.06,Annual,1,1,33,0.77,28.5,22,0,18.65,-12,0.95,26,10,47,0,-1.75,19,0
CUST0264,Technology,Large,India,Enterprise,39,1702.08,Monthly,0,3,41,0.29,52.88,5,5,92.17,89,-0.9,24,23,32,0,15,17,460.85
CUST0265,Retail,Small,India,Basic,27,196.2,Monthly,0,5,30,0.71,45.84,48,2,9.13,-60,-0.64,31,4,67,0,-12.75,24,18.26
CUST0266,Technology,Large,UK,Professional,29,1983.56,Monthly,0,2,57,0.09,53,40,3,99.34,39,0.3,18,6,101,0,-19.25,11,298.02
CUST0267,Retail,Large,UK,Professional,47,1091.19,Monthly,0,3,49,0.85,27.23,51,8,32.17,14,-0.73,23,5,29,0,-2.25,16,257.36
CUST0268,Technology,Large,Canada,Basic,38,1969.99,Monthly,0,1,48,0.48,34.29,16,2,82.97,-1,0.18,56,29,116,0,0,49,165.94
CUST0269,Education,Medium,USA,Professional,20,1879.21,Annual,0,1,72,0.65,9.38,13,0,110.92,16,0.14,2,25,115,0,-3.75,0,0
CUST0270,Retail,Medium,Canada,Basic,27,916.57,Monthly,0,2,49,0.26,6.6,26,2,41.44,81,0.94,59,12,109,0,-15.25,52,82.88
CUST0271,Finance,Large,USA,Basic,41,413.01,Monthly,1,3,47,0.69,24.3,31,6,60.84,-12,0.77,11,1,83,0,-19.75,4,365.04
CUST0272,Technology,Large,UK,Professional,54,346.47,Monthly,1,3,56,0.78,8.53,52,6,56.11,-8,0.89,34,18,89,0,-4.25,27,336.66
CUST0273,Technology,Medium,UK,Basic,20,495.18,Monthly,0,0,65,0.5,11.13,39,4,19.76,38,-0.77,14,10,78,0,-9.5,7,79.04
CUST0274,Retail,Medium,Canada,Enterprise,44,1426.06,Annual,0,4,12,0.64,73.54,48,0,71.25,-41,0.74,16,26,70,0,8.5,9,0
CUST0275,Finance,Small,Australia,Enterprise,19,560.44,Annual,0,1,69,0.48,5.42,23,7,89.42,-33,-0.74,49,19,70,0,1.5,42,625.94
CUST0276,Finance,Small,Canada,Professional,20,696.02,Annual,0,0,88,0.9,59.99,48,9,110.11,-23,0.27,31,4,113,0,-24.25,24,990.99
CUST0277,Education,Medium,USA,Professional,35,908.58,Annual,0,1,6,0.52,25.99,12,7,102.25,-55,0.44,6,8,28,0,1,0,715.75
CUST0278,Finance,Large,Canada,Basic,47,1828.2,Annual,0,0,89,0.85,78.7,14,9,61.69,-63,-0.68,18,5,22,0,-0.5,11,555.21
CUST0279,Finance,Large,India,Basic,2,395,Monthly,0,4,65,0.81,44.68,56,9,86.56,88,0.27,6,16,33,0,7.75,0,779.04
CUST0280,Finance,Large,USA,Basic,30,29.95,Annual,0,0,25,0.44,28.89,18,9,96.29,-84,-0.9,4,18,83,0,-2.75,0,866.61
CUST0281,Healthcare,Large,USA,Basic,53,138.99,Monthly,0,1,1,0.27,47.55,27,1,59.73,-35,-0.41,57,22,14,0,18.5,50,59.73
CUST0282,Education,Small,Australia,Enterprise,34,1811.44,Monthly,0,3,32,0.44,35.61,28,9,14.74,99,0.84,39,7,96,0,-17,32,132.66
CUST0283,Technology,Medium,UK,Enterprise,22,1302.08,Monthly,0,1,3,0.83,51.66,18,2,53.11,-65,-0.66,20,6,52,0,-7,13,106.22
CUST0284,Retail,Large,USA,Professional,3,560.62,Annual,0,5,49,0.27,12.08,16,3,101.25,-27,-0.87,47,4,16,1,0,40,303.75
CUST0285,Technology,Small,UK,Basic,6,370.84,Annual,0,2,19,0.55,89.74,52,0,72,-94,-0.11,47,14,63,0,-1.75,40,0
CUST0286,Education,Large,Canada,Basic,15,602.65,Monthly,0,2,60,0.82,39.45,16,3,87.21,-85,0.7,50,9,83,0,-11.75,43,261.63
CUST0287,Retail,Medium,India,Professional,27,247.3,Annual,0,5,29,0.39,32.64,13,4,23.05,-87,-0.85,56,23,60,0,8,49,92.2
CUST0288,Education,Small,Australia,Basic,10,1884.24,Annual,0,2,50,0.66,64.5,58,2,115.76,-21,-0.29,46,15,56,0,1,39,231.52
CUST0289,Finance,Medium,UK,Basic,9,1572.73,Monthly,0,2,2,0.28,34.02,29,9,49.09,-76,0.8,6,8,76,0,-11,0,441.81
CUST0290,Retail,Medium,USA,Basic,33,935.53,Monthly,0,4,73,0.15,75.33,9,1,78.78,4,-0.76,36,6,107,0,-20.75,29,78.78
CUST0291,Finance,Small,UK,Basic,32,1732.63,Annual,0,3,56,0.8,41.98,26,5,3.25,-97,-0.38,22,10,87,0,-11.75,15,16.25
CUST0292,Technology,Small,USA,Basic,48,513.93,Monthly,0,3,17,0.14,65.32,28,7,16.15,56,0.56,10,8,117,0,-21.25,3,113.05
CUST0293,Technology,Small,UK,Professional,6,1439.9,Monthly,1,1,60,0.31,11.46,41,6,94.06,26,0.09,9,16,110,0,-11.5,2,564.36
CUST0294,Retail,Small,USA,Basic,41,1715.14,Monthly,0,5,36,0.86,76.46,13,0,116.19,-45,0.66,56,29,119,0,-0.75,49,0
CUST0295,Retail,Small,Canada,Professional,59,726.4,Monthly,0,0,61,0.38,66.74,36,3,39.09,-95,-0.78,20,8,36,0,-1,13,117.27
CUST0296,Education,Small,USA,Basic,36,1519.78,Annual,1,1,17,0.97,20.63,9,2,5.42,28,0.84,54,2,6,0,0.5,47,10.84
CUST0297,Education,Small,USA,Enterprise,59,604.24,Monthly,0,1,49,0.98,14.79,47,5,43.94,66,0.87,58,21,7,0,19.25,51,219.7
CUST0298,Finance,Large,India,Enterprise,60,611.74,Annual,0,1,76,0.3,29.83,14,8,3.08,28,-0.69,40,7,86,0,-14.5,33,24.64
CUST0299,Retail,Medium,USA,Enterprise,2,231.97,Annual,1,1,60,0.09,87.89,51,8,23.89,14,-0.93,32,18,77,0,-1.25,25,191.12
CUST0300,Technology,Small,India,Enterprise,29,891.31,Annual,1,3,20,0.72,24.6,12,6,90.54,90,0.98,19,19,67,0,2.25,12,543.24
CUST0301,Education,Large,Australia,Professional,4,1464.83,Monthly,0,0,50,0.48,42.14,53,8,112.51,-44,-0.04,32,15,20,0,10,25,900.08
CUST0302,Education,Large,India,Professional,1,1881.64,Monthly,0,1,3,0.15,4.64,58,7,11.41,94,0.14,39,6,60,0,-9,32,79.87
CUST0303,Technology,Large,Canada,Basic,19,1215.52,Monthly,0,3,43,0.72,36.96,57,4,67.39,-36,0.23,34,27,109,0,-0.25,27,269.56
CUST0304,Education,Medium,India,Enterprise,26,1729.01,Monthly,0,1,57,0.08,52.28,32,8,31.21,-36,0.58,33,6,73,0,-12.25,26,249.68
CUST0305,Finance,Small,Australia,Professional,25,1648.54,Annual,0,2,50,0.88,85.87,38,6,17.55,2,0.62,35,19,85,1,-2.25,28,105.3
CUST0306,Retail,Large,Canada,Basic,10,363.22,Monthly,0,1,68,0.18,47.47,3,4,27.06,-80,-0.61,26,24,93,0,0.75,19,108.24
CUST0307,Technology,Medium,UK,Basic,53,981.92,Monthly,0,5,81,0.17,74.08,58,7,69.75,57,-0.53,18,12,93,0,-11.25,11,488.25
CUST0308,Retail,Medium,UK,Professional,15,251.51,Monthly,1,5,50,0.22,50.15,57,6,8.75,-68,0.75,42,2,79,0,-17.75,35,52.5
CUST0309,Education,Medium,India,Enterprise,59,1370.66,Annual,1,1,37,0.96,5.59,54,8,52.67,75,0.64,4,11,74,0,-7.5,0,421.36
CUST0310,Education,Large,India,Basic,22,1900.8,Annual,0,4,46,0.71,29.72,52,9,17.09,-79,0.24,28,23,85,0,1.75,21,153.81
CUST0311,Technology,Small,Australia,Enterprise,51,291.44,Monthly,0,2,42,0.81,52.65,16,0,33.45,81,0.99,55,7,28,0,0,48,0
CUST0312,Finance,Large,Australia,Enterprise,48,1473.09,Annual,0,0,15,0.43,85.65,20,8,23.7,9,0.47,9,12,24,0,6,2,189.6
CUST0313,Healthcare,Large,USA,Enterprise,21,1271.83,Monthly,1,1,33,0.37,77.6,32,6,106.07,-97,-0.57,55,19,57,0,4.75,48,636.42
CUST0314,Technology,Small,Australia,Basic,59,1175.54,Monthly,0,0,80,0.27,22.1,56,0,85.25,82,0.69,58,15,13,0,11.75,51,0
CUST0315,Healthcare,Small,USA,Enterprise,56,792.44,Annual,0,2,11,0.51,21.37,23,0,104.35,71,-0.17,54,6,77,0,-13.25,47,0
CUST0316,Healthcare,Small,Canada,Basic,22,723.16,Monthly,0,1,20,0.57,19.7,17,4,46.63,39,-0.93,39,3,65,0,-13.25,32,186.52
CUST0317,Finance,Medium,India,Enterprise,36,109.59,Annual,0,4,24,0.65,83.18,16,7,38.3,-27,-0.36,12,28,53,0,14.75,5,268.1
CUST0318,Healthcare,Small,Canada,Basic,34,451.46,Monthly,0,3,64,0.29,77.03,38,8,46.29,18,0.53,28,11,76,0,-8,21,370.32
CUST0319,Healthcare,Large,Australia,Enterprise,30,50.05,Monthly,1,4,80,0.95,70.19,8,5,3.21,79,0.92,4,16,66,0,-0.5,0,16.05
CUST0320,Finance,Small,Canada,Professional,25,1171.21,Annual,1,4,94,0.21,36.56,19,9,87.24,-8,-0.45,57,0,29,0,-7.25,50,785.16
CUST0321,Healthcare,Large,Canada,Enterprise,45,229.59,Monthly,0,3,98,0.97,46.39,30,7,42.62,-36,-0.51,57,29,17,0,24.75,50,298.34
CUST0322,Healthcare,Medium,Canada,Enterprise,28,1748.58,Annual,0,3,65,0.06,42.86,57,5,38.29,-36,0.13,58,16,53,1,2.75,51,191.45
CUST0323,Healthcare,Large,Australia,Basic,1,1055.82,Annual,0,5,88,0.51,24.3,58,5,72.18,-91,0.62,11,1,99,0,-23.75,4,360.9
CUST0324,Technology,Large,Canada,Basic,49,1405.39,Monthly,1,3,88,0.37,46.44,34,3,52.91,45,0.49,58,5,20,0,0,51,158.73
CUST0325,Technology,Small,USA,Enterprise,45,833.5,Monthly,1,1,73,0.48,4.68,14,4,117.72,-54,0.12,12,11,52,0,-2,5,470.88
CUST0326,Technology,Small,Australia,Professional,4,1129.95,Monthly,1,0,86,0.59,13.6,22,1,43.39,-35,0.26,21,25,82,0,4.5,14,43.39
CUST0327,Finance,Large,Canada,Professional,7,1886.47,Monthly,1,5,76,0.46,80.02,44,2,74.05,-52,-0.52,39,10,15,0,6.25,32,148.1
CUST0328,Education,Small,Australia,Basic,49,183.81,Monthly,0,5,17,0.44,68.15,17,2,38.09,99,-0.13,14,20,27,0,13.25,7,76.18
CUST0329,Healthcare,Medium,UK,Professional,9,522.8,Monthly,0,0,89,0.75,39.21,60,4,118.88,-79,-0.49,12,10,3,0,9.25,5,475.52
CUST0330,Healthcare,Medium,USA,Enterprise,36,1564.38,Monthly,0,5,92,0.7,47.51,59,4,53.97,-15,0.77,0,17,114,0,-11.5,0,215.88
CUST0331,Finance,Small,Canada,Basic,19,215.5,Monthly,1,3,61,0.84,34.56,15,5,76.46,-75,-0.77,53,7,54,0,-6.5,46,382.3
CUST0332,Healthcare,Medium,UK,Enterprise,1,169.81,Annual,0,4,15,0.29,67.19,50,4,16.08,36,0.36,37,24,14,0,20.5,30,64.32
CUST0333,Technology,Small,UK,Basic,10,735.85,Annual,0,2,94,0.63,71.01,48,5,88.23,48,-0.48,42,6,63,0,-9.75,35,441.15
CUST0334,Education,Large,Australia,Basic,36,202.49,Annual,1,3,51,0.61,69.17,32,7,33.04,-6,-0.05,44,27,64,0,11,37,231.28
CUST0335,Retail,Large,UK,Basic,9,1178.46,Monthly,0,4,27,0.4,65.59,13,1,54.38,90,-0.4,52,13,111,0,-14.75,45,54.38
CUST0336,Healthcare,Medium,USA,Basic,45,468.02,Annual,0,4,86,0.51,20,21,3,106.09,6,-0.35,51,15,110,1,-12.5,44,318.27
CUST0337,Technology,Small,USA,Professional,46,1793.48,Monthly,1,5,74,0.35,31.74,49,5,116.5,33,-0.48,0,11,15,0,7.25,0,582.5
CUST0338,Retail,Small,India,Enterprise,42,1571.33,Annual,0,1,61,0.18,43.35,40,4,51.52,-87,0.51,10,8,117,0,-21.25,3,206.08
CUST0339,Education,Medium,USA,Enterprise,32,1405.42,Annual,0,1,58,0.25,31.11,33,0,100.34,60,-0.27,57,19,19,0,14.25,50,0
CUST0340,Retail,Large,UK,Enterprise,32,1241.55,Monthly,1,5,31,0.15,68.43,57,8,7.35,-30,0.45,42,28,63,0,12.25,35,58.8
CUST0341,Technology,Medium,USA,Basic,6,1729.66,Monthly,0,5,91,0.7,30.98,58,2,101.86,51,-0.09,39,22,32,0,14,32,203.72
CUST0342,Retail,Large,Australia,Professional,48,461.66,Annual,1,0,12,0.68,14.16,27,1,75.91,100,0.09,21,20,80,0,0,14,75.91
CUST0343,Finance,Small,India,Enterprise,38,1748.76,Annual,0,0,46,0.95,37.12,35,8,59.16,-26,0.09,34,15,68,0,-2,27,473.28
CUST0344,Retail,Large,UK,Professional,17,1583.19,Annual,0,2,31,0.74,88.23,16,6,106.91,19,0.95,59,20,68,0,3,52,641.46
CUST0345,Healthcare,Medium,India,Basic,10,1501.36,Monthly,1,2,32,0.1,21.88,28,4,101.6,11,-0.27,50,18,57,0,3.75,43,406.4
CUST0346,Healthcare,Small,UK,Enterprise,50,1131.29,Monthly,0,2,32,0.89,55.87,34,5,36.34,-50,-0.58,43,15,38,0,5.5,36,181.7
CUST0347,Finance,Medium,Australia,Professional,27,507.56,Monthly,0,2,99,0.87,40.1,47,3,95.19,29,0.82,5,8,76,0,-11,0,285.57
CUST0348,Technology,Medium,India,Basic,54,858.62,Annual,1,4,53,0.47,8.25,1,0,12.84,42,-0.65,27,12,107,0,-14.75,20,0
CUST0349,Healthcare,Large,Canada,Professional,50,1591.27,Monthly,0,4,61,0.61,44.93,41,3,98.91,62,0.67,30,25,35,1,16.25,23,296.73
CUST0350,Education,Medium,UK,Enterprise,35,82.92,Annual,0,0,46,0.98,63.79,48,8,81.38,-65,-0.7,54,4,93,0,-19.25,47,651.04
CUST0351,Healthcare,Large,Canada,Enterprise,52,1568.46,Monthly,0,1,85,0.56,47.16,31,0,11.46,17,0.32,7,21,67,0,4.25,0,0
CUST0352,Healthcare,Small,India,Basic,59,495.34,Monthly,0,5,74,0.91,78.75,36,9,82.29,66,-0.7,4,18,86,0,-3.5,0,740.61
CUST0353,Technology,Large,Canada,Basic,21,305.73,Monthly,0,1,80,0.13,27.43,44,2,70.08,-97,0.85,41,9,20,0,4,34,140.16
CUST0354,Retail,Small,Canada,Basic,25,249.09,Annual,0,3,7,0.23,9.59,33,4,71.75,91,0.13,53,6,62,0,-9.5,46,287
CUST0355,Healthcare,Large,India,Professional,28,73.96,Monthly,1,4,4,0.47,84.42,33,6,35.61,-95,-0.34,47,8,84,0,-13,40,213.66
CUST0356,Finance,Medium,Australia,Professional,47,1056.7,Monthly,1,2,91,0.61,35.28,39,8,32.71,84,-0.72,43,24,5,0,22.75,36,261.68
CUST0357,Retail,Large,Canada,Professional,15,452.15,Monthly,0,2,52,0.83,52.72,18,5,91.74,57,-0.26,16,13,23,0,7.25,9,458.7
CUST0358,Education,Large,Canada,Basic,4,1979.07,Monthly,0,3,89,0.99,71.7,23,2,31.56,9,0.41,37,14,110,0,-13.5,30,63.12
CUST0359,Technology,Small,Australia,Enterprise,29,1157.38,Monthly,0,1,31,0.42,30.54,60,6,54.11,-2,-0.23,8,12,52,0,-1,1,324.66
CUST0360,Education,Medium,Canada,Enterprise,59,293.01,Annual,0,2,75,0.1,65.02,23,3,83.68,21,-0.51,9,9,94,0,-14.5,2,251.04
CUST0361,Retail,Large,Canada,Professional,9,1383.75,Monthly,1,1,84,0.81,13.92,15,2,10.47,16,0.15,19,13,82,1,-7.5,12,20.94
CUST0362,Retail,Medium,Canada,Professional,27,1797.53,Monthly,1,5,36,0.62,27.63,26,6,71.75,-5,-0.16,13,25,101,0,-0.25,6,430.5
CUST0363,Retail,Large,USA,Enterprise,26,1495.46,Annual,1,3,54,0.24,14.73,30,6,71.14,-34,-0.67,13,20,75,0,1.25,6,426.84
CUST0364,Education,Large,Australia,Enterprise,19,171.35,Annual,0,1,54,0.52,73.39,25,3,82.42,19,-0.69,25,22,77,0,2.75,18,247.26
CUST0365,Retail,Medium,Canada,Professional,56,1793.85,Monthly,0,5,17,0.76,21.59,45,6,45.02,-86,0.41,28,28,49,0,15.75,21,270.12
CUST0366,Education,Large,Australia,Professional,28,1591.98,Monthly,0,1,75,0.78,65.13,16,1,54.43,-84,0.95,48,11,11,0,8.25,41,54.43
CUST0367,Retail,Medium,UK,Enterprise,17,333.44,Annual,0,1,30,0.52,85.01,39,0,40.27,-83,-0.53,26,27,55,0,13.25,19,0
CUST0368,Finance,Large,UK,Basic,43,122.54,Annual,0,2,99,0.34,48.44,48,1,97.17,14,0.55,24,28,119,0,-1.75,17,97.17
CUST0369,Retail,Small,Canada,Professional,57,1123.47,Annual,1,0,22,0.98,49.52,45,3,16.54,46,-0.82,15,18,14,0,14.5,8,49.62
CUST0370,Education,Medium,Australia,Enterprise,41,328.95,Monthly,0,4,43,0.68,42.57,14,7,115.59,-25,-0.24,35,5,82,0,-15.5,28,809.13
CUST0371,Healthcare,Large,Australia,Enterprise,42,1672.49,Monthly,1,1,27,0.44,30.68,17,2,76.55,-13,0.01,33,11,91,0,-11.75,26,153.1
CUST0372,Retail,Large,Australia,Enterprise,50,729.5,Annual,0,1,37,0.32,43.86,12,9,106.54,96,-0.46,15,23,39,0,13.25,8,958.86
CUST0373,Healthcare,Small,USA,Enterprise,20,1827.53,Monthly,0,1,46,0.74,55.05,29,5,51.72,51,0.06,32,12,40,0,2,25,258.6
CUST0374,Finance,Medium,UK,Basic,45,1140.06,Monthly,0,0,35,0.28,88.77,32,5,40.54,-10,0.77,2,7,68,0,-10,0,202.7
CUST0375,Technology,Large,Australia,Enterprise,40,381.69,Annual,0,5,4,0.21,84.52,56,8,108.19,-53,0.89,22,15,68,0,-2,15,865.52
CUST0376,Finance,Small,Australia,Professional,39,296.41,Monthly,0,3,80,0.55,77.87,24,8,12.77,57,-0.8,10,1,5,0,-0.25,3,102.16
CUST0377,Retail,Large,USA,Basic,49,1161.42,Monthly,0,2,80,0.33,80.24,52,3,14.94,-86,-0.46,47,21,86,0,-0.5,40,44.82
CUST0378,Healthcare,Medium,USA,Enterprise,53,1528.53,Monthly,1,0,85,0.65,43.17,13,8,36.62,74,0.96,57,6,66,0,-10.5,50,292.96
CUST0379,Healthcare,Large,Australia,Basic,23,1567.38,Monthly,0,5,26,0.16,59.86,56,5,115.21,22,-0.46,17,11,100,0,-14,10,576.05
CUST0380,Education,Large,India,Professional,47,566,Monthly,0,1,19,0.67,80.77,20,1,76.34,26,0.39,46,6,32,0,-2,39,76.34
CUST0381,Healthcare,Large,Australia,Enterprise,32,424.41,Annual,1,5,81,0.32,36.58,15,9,66.95,71,-0.49,40,18,42,0,7.5,33,602.55
CUST0382,Education,Large,Australia,Professional,52,53.18,Monthly,1,0,45,0.05,86.64,56,5,84.94,-3,-0.29,43,13,20,0,8,36,424.7
CUST0383,Technology,Small,USA,Enterprise,47,1364.81,Monthly,1,0,26,0.17,38.59,53,1,50.68,54,-0.62,28,29,83,0,8.25,21,50.68
CUST0384,Retail,Small,USA,Enterprise,33,171.61,Annual,0,0,22,0.94,54.9,4,7,91.21,-17,0.71,58,8,64,0,-8,51,638.47
CUST0385,Education,Medium,Australia,Enterprise,57,853.11,Monthly,1,3,58,0.87,64.46,54,3,47.79,91,0.77,49,17,102,0,-8.5,42,143.37
CUST0386,Technology,Small,Australia,Enterprise,46,1211.33,Monthly,0,4,63,0.27,85.65,34,4,99.34,-60,-0.41,4,10,110,0,-17.5,0,397.36
CUST0387,Healthcare,Small,Australia,Enterprise,5,1875.48,Annual,0,2,28,0.79,23.53,28,7,32.81,-5,0.65,23,15,16,0,11,16,229.67
CUST0388,Healthcare,Medium,USA,Basic,43,637.37,Annual,0,3,65,0.63,67.66,50,7,34.03,-33,-0.28,28,18,92,0,-5,21,238.21
CUST0389,Technology,Small,Australia,Enterprise,48,514.55,Monthly,0,3,44,0.97,47.83,2,5,63.16,-96,-0.8,28,10,7,0,8.25,21,315.8
CUST0390,Healthcare,Small,Australia,Enterprise,34,1315.24,Annual,0,4,43,0.4,25.63,57,3,52.26,-48,0.52,59,17,63,1,1.25,52,156.78
CUST0391,Technology,Medium,Canada,Basic,40,1246.09,Monthly,0,3,37,0.7,70.34,47,0,78.13,21,0.19,25,10,89,0,-12.25,18,0
CUST0392,Education,Medium,India,Basic,11,677.58,Annual,0,0,66,0.11,50.6,30,6,44.35,35,-0.45,39,24,27,0,17.25,32,266.1
CUST0393,Education,Medium,UK,Basic,50,1857.64,Monthly,0,0,17,0.43,60.17,26,7,28.44,-79,-0.49,2,3,97,0,-21.25,0,199.08
CUST0394,Technology,Large,India,Basic,3,1692.83,Annual,0,5,40,0.97,30.42,51,8,56.91,5,0.95,1,17,89,0,-5.25,0,455.28
CUST0395,Education,Large,Canada,Basic,58,463.49,Monthly,1,1,38,0.56,44.35,47,1,67.75,-94,0.73,24,18,12,0,15,17,67.75
CUST0396,Education,Medium,UK,Basic,33,493.5,Monthly,1,3,85,0.32,56.33,26,0,17.97,49,0.62,18,12,107,0,-14.75,11,0
CUST0397,Education,Medium,Australia,Enterprise,11,1034.35,Monthly,0,1,61,0.16,37.63,20,3,67.25,-55,-0.74,39,3,100,0,-22,32,201.75
CUST0398,Finance,Medium,Canada,Enterprise,16,1551.67,Monthly,1,2,9,0.72,19.46,42,4,38.99,-71,0.51,1,29,12,0,26,0,155.96
CUST0399,Retail,Large,Australia,Professional,18,107.2,Annual,1,0,77,0.66,86.62,28,9,47.7,25,-0.57,18,9,37,0,-0.25,11,429.3
CUST0400,Healthcare,Large,USA,Enterprise,30,1392.8,Monthly,0,5,75,0.41,47.01,56,0,34.24,0,0.95,0,28,24,0,22,0,0
CUST0401,Finance,Small,Canada,Enterprise,48,1303.51,Monthly,0,2,61,0.95,66.58,20,4,111.84,43,-0.9,26,21,110,0,-6.5,19,447.36
CUST0402,Education,Small,USA,Basic,55,478.33,Monthly,1,5,80,0.07,38.17,11,5,82.32,-22,-0.3,53,4,61,0,-11.25,46,411.6
CUST0403,Technology,Medium,Canada,Basic,10,1369.08,Monthly,1,4,16,0.34,33.25,58,2,32.23,32,-0.14,44,2,22,0,-3.5,37,64.46
CUST0404,Education,Large,Canada,Enterprise,18,1881.56,Annual,0,0,2,0.93,37.83,10,6,77.76,-34,0.65,54,15,85,0,-6.25,47,466.56
CUST0405,Retail,Large,USA,Professional,38,112.64,Annual,0,2,72,0.35,38.01,23,5,101.98,-78,0.53,51,25,20,0,20,44,509.9
CUST0406,Education,Large,UK,Basic,19,652.91,Monthly,0,4,43,0.29,49.89,37,3,48.79,88,-0.25,48,7,53,0,-6.25,41,146.37
CUST0407,Technology,Medium,India,Enterprise,36,887.59,Annual,0,2,42,0.56,49.83,41,2,99.76,-27,0.13,34,23,62,0,7.5,27,199.52
CUST0408,Retail,Small,Australia,Enterprise,59,1800.54,Annual,1,5,77,0.83,45.75,52,4,19.38,-96,0.67,40,6,29,0,-1.25,33,77.52
CUST0409,Education,Medium,Canada,Professional,13,1925.28,Monthly,1,4,57,0.15,13.86,19,2,98.91,50,-0.96,4,18,74,0,-0.5,0,197.82
CUST0410,Retail,Small,Australia,Professional,56,899.35,Monthly,0,4,81,0.95,45.65,45,9,65.3,-19,0.6,37,13,67,0,-3.75,30,587.7
CUST0411,Healthcare,Small,USA,Basic,46,1505.06,Annual,1,0,88,0.81,16.88,18,8,27.53,-76,0.89,3,14,96,0,-10,0,220.24
CUST0412,Healthcare,Medium,Australia,Professional,3,1072.69,Monthly,0,1,67,0.22,13.1,49,8,49.45,-93,-0.94,16,16,110,0,-11.5,9,395.6
CUST0413,Education,Small,USA,Enterprise,10,1084.81,Annual,1,5,30,0.73,84.07,27,5,118.57,48,-0.91,52,20,75,0,1.25,45,592.85
CUST0414,Retail,Small,Australia,Enterprise,38,570.64,Monthly,0,5,13,0.42,55.24,6,5,94.24,-99,-0.31,20,0,72,0,-18,13,471.2
CUST0415,Technology,Large,India,Professional,1,449.57,Monthly,0,4,19,0.43,60.04,10,3,69.44,-79,-0.82,52,5,31,1,-2.75,45,208.32
CUST0416,Education,Small,India,Professional,55,590.25,Monthly,0,4,7,0.79,37.36,2,3,14.7,-29,-0.04,47,26,74,0,7.5,40,44.1
CUST0417,Healthcare,Medium,India,Professional,56,1121.53,Monthly,0,0,9,0.96,81.99,24,1,50.72,-14,0.46,30,22,100,0,-3,23,50.72
CUST0418,Healthcare,Medium,India,Professional,27,77.73,Annual,0,1,83,0.17,58.14,38,9,32.3,-29,0.13,47,14,23,0,8.25,40,290.7
CUST0419,Education,Small,India,Basic,46,1816.35,Monthly,0,5,54,0.45,69.69,28,3,9.45,-33,-0.61,21,11,6,0,9.5,14,28.35
CUST0420,Retail,Large,India,Professional,8,329.44,Monthly,0,3,86,0.51,34.43,28,7,65.52,-37,0.31,10,20,71,0,2.25,3,458.64
CUST0421,Healthcare,Large,USA,Basic,51,455.78,Annual,1,3,82,0.41,86.48,53,9,106.81,-7,0.37,33,19,96,0,-5,26,961.29
CUST0422,Retail,Small,Canada,Enterprise,46,1046.19,Monthly,0,1,61,0.4,74.2,45,1,81.4,-82,0.86,48,1,88,0,-21,41,81.4
CUST0423,Healthcare,Small,Australia,Professional,42,1426.03,Monthly,0,2,87,0.1,77.15,50,8,30.71,27,-0.71,14,4,0,0,4,7,245.68
CUST0424,Healthcare,Medium,India,Basic,17,209.54,Annual,0,0,2,0.7,17.15,39,0,69.26,-14,0.38,49,8,2,0,7.5,42,0
CUST0425,Finance,Small,USA,Professional,9,649.04,Annual,1,1,50,0.46,25.84,2,1,113.24,-19,0.82,9,19,103,0,-6.75,2,113.24
CUST0426,Healthcare,Large,USA,Enterprise,6,1937.98,Monthly,0,3,75,0.24,27.14,46,1,87.03,80,0,37,13,27,0,6.25,30,87.03
CUST0427,Technology,Small,USA,Enterprise,43,539.44,Monthly,1,4,31,0.83,25.84,5,5,83.05,-14,-0.28,31,17,42,0,6.5,24,415.25
CUST0428,Education,Medium,Canada,Enterprise,25,639.84,Monthly,1,3,33,0.81,77.28,50,6,116.21,-4,-0.66,52,28,96,1,4,45,697.26
CUST0429,Education,Medium,Australia,Professional,39,1676.27,Monthly,0,4,78,0.51,4.81,11,2,96.07,-49,0.73,47,21,45,0,9.75,40,192.14
CUST0430,Retail,Medium,Canada,Professional,49,119.42,Monthly,0,0,80,0.33,8.7,10,8,17.26,74,-0.21,30,7,0,0,7,23,138.08
CUST0431,Healthcare,Medium,UK,Basic,60,939.93,Monthly,0,4,11,0.66,26.1,43,4,42.37,-19,0.85,36,1,37,0,-8.25,29,169.48
CUST0432,Technology,Medium,USA,Enterprise,28,771.64,Monthly,0,1,33,0.32,19.59,59,4,115.85,81,0.7,43,8,116,0,-21,36,463.4
CUST0433,Retail,Small,UK,Professional,33,646.84,Monthly,1,4,7,0.27,22.4,2,3,59.27,71,-0.25,27,6,90,0,-16.5,20,177.81
CUST0434,Finance,Small,India,Enterprise,54,585.69,Monthly,1,2,31,0.74,72.22,15,8,14.28,-4,0.15,30,29,101,0,3.75,23,114.24
CUST0435,Retail,Small,India,Enterprise,37,200.92,Monthly,0,1,48,0.09,51.56,39,7,55.57,34,-0.95,5,28,34,0,19.5,0,388.99
CUST0436,Retail,Small,Canada,Basic,9,643.36,Annual,0,0,47,0.14,2.51,41,3,83.94,14,-0.47,13,17,73,1,-1.25,6,251.82
CUST0437,Healthcare,Medium,Australia,Basic,18,105.24,Annual,1,1,78,0.06,39.78,37,3,119.71,-9,0.42,57,26,75,0,7.25,50,359.13
CUST0438,Finance,Large,UK,Basic,56,1566.31,Monthly,0,2,92,0.2,37.89,7,1,39.54,-100,0.36,22,15,73,0,-3.25,15,39.54
CUST0439,Retail,Small,Australia,Basic,59,808.49,Monthly,0,0,53,0.12,12.03,20,8,62.18,-38,-0.29,15,20,53,0,6.75,8,497.44
CUST0440,Technology,Large,Canada,Enterprise,21,898.93,Monthly,0,3,80,1,61.5,34,2,105.68,66,0.62,24,4,97,0,-20.25,17,211.36
CUST0441,Technology,Small,India,Basic,2,1789.32,Monthly,0,2,19,0.32,63.78,35,3,43.28,-82,-0.53,38,22,23,0,16.25,31,129.84
CUST0442,Education,Small,Australia,Basic,58,1322.95,Monthly,1,0,81,0.19,65.44,34,6,14,-70,-0.08,1,28,27,0,21.25,0,84
CUST0443,Finance,Large,Australia,Basic,43,35.96,Monthly,0,4,90,0.28,66.11,53,9,113.92,-24,-0.05,37,14,21,0,8.75,30,1025.28
CUST0444,Finance,Medium,India,Basic,59,1887.49,Monthly,0,1,6,0.94,2,22,7,59.12,20,-0.32,40,4,108,0,-23,33,413.84
CUST0445,Education,Small,UK,Enterprise,60,489.55,Annual,1,0,49,0.54,85.95,31,7,60.83,-77,0.91,38,10,15,0,6.25,31,425.81
CUST0446,Retail,Small,India,Basic,38,233.08,Monthly,0,1,73,0.4,73.65,23,3,74.92,-32,0.39,33,29,12,0,26,26,224.76
CUST0447,Finance,Small,Australia,Enterprise,58,1540.89,Monthly,1,4,50,0.88,81.55,19,6,1.42,92,0.08,50,21,99,0,-3.75,43,8.52
CUST0448,Technology,Large,UK,Professional,40,1010.95,Annual,0,0,81,0.43,3.38,4,9,111.8,60,0.02,39,13,99,0,-11.75,32,1006.2
CUST0449,Technology,Medium,UK,Enterprise,36,878.87,Monthly,0,3,95,0.37,84.18,24,0,44.01,-42,-0.68,42,24,61,0,8.75,35,0
CUST0450,Healthcare,Large,India,Enterprise,50,514.02,Monthly,1,2,12,0.25,73.26,20,5,48.23,13,-0.26,24,18,42,0,7.5,17,241.15
CUST0451,Finance,Large,Australia,Basic,60,1103.99,Monthly,0,0,23,0.41,75.68,39,5,21.72,60,0.35,35,2,86,0,-19.5,28,108.6
CUST0452,Retail,Medium,Canada,Professional,43,563.28,Monthly,0,4,54,0.35,10.21,28,5,46,59,0.85,15,23,77,0,3.75,8,230
CUST0453,Education,Large,Australia,Professional,37,1805.13,Annual,0,0,69,0.69,67.01,54,1,96.67,86,0.63,56,9,31,0,1.25,49,96.67
CUST0454,Education,Medium,USA,Professional,15,446.1,Monthly,0,1,59,0.33,86.47,39,7,96.2,0,-0.4,17,27,66,0,10.5,10,673.4
CUST0455,Retail,Small,Canada,Professional,28,1771.02,Monthly,0,5,36,0.6,61.71,17,4,112.36,68,-0.13,12,5,90,0,-17.5,5,449.44
CUST0456,Healthcare,Medium,UK,Enterprise,18,1127.62,Monthly,1,0,3,0.11,52.21,19,4,48.98,-89,-0.83,58,27,82,0,6.5,51,195.92
CUST0457,Education,Small,Canada,Professional,34,1660.41,Monthly,1,3,58,0.23,85.22,54,1,85.34,100,-0.8,36,25,85,0,3.75,29,85.34
CUST0458,Finance,Large,UK,Enterprise,22,1431.44,Annual,1,0,88,0.44,40.98,48,3,61.36,18,-0.06,26,2,56,0,-12,19,184.08
CUST0459,Healthcare,Large,UK,Enterprise,11,1399.46,Annual,0,2,55,0.94,54.74,35,8,96.68,38,0.06,33,1,64,0,-15,26,773.44
CUST0460,Finance,Small,Canada,Enterprise,58,662.2,Monthly,0,0,57,0.41,43.92,32,8,85.79,-4,-0.47,10,12,68,0,-5,3,686.32
CUST0461,Technology,Large,UK,Professional,57,483.12,Monthly,0,5,17,0.68,84.09,47,5,44.78,46,0.29,0,17,48,0,5,0,223.9
CUST0462,Healthcare,Medium,UK,Basic,13,437.55,Monthly,1,1,39,0.29,8.7,46,8,41.06,81,0.41,12,1,32,0,-7,5,328.48
CUST0463,Education,Small,USA,Basic,4,1717.24,Annual,0,0,90,0.17,46.1,47,3,31.04,-44,-0.4,29,14,114,0,-14.5,22,93.12
CUST0464,Healthcare,Large,Australia,Professional,22,1644.45,Monthly,0,3,68,0.11,62.45,46,0,69.61,-59,0.52,4,4,18,0,-0.5,0,0
CUST0465,Healthcare,Small,Australia,Basic,7,892.34,Monthly,1,4,55,0.34,71.69,39,1,115.7,-3,-0.59,17,14,35,0,5.25,10,115.7
CUST0466,Healthcare,Medium,USA,Basic,43,282.16,Monthly,0,0,45,0.2,53.31,57,0,24.81,98,0.09,13,27,114,0,-1.5,6,0
CUST0467,Healthcare,Medium,Canada,Enterprise,54,776.86,Monthly,0,0,76,0.22,81.98,35,7,12.34,-70,0.61,12,20,69,0,2.75,5,86.38
CUST0468,Finance,Large,India,Enterprise,24,1246.3,Monthly,1,2,1,0.77,84.9,30,8,15.21,79,0.07,31,16,14,0,12.5,24,121.68
CUST0469,Technology,Medium,India,Professional,4,919.72,Monthly,1,3,21,0.07,7.66,17,9,94.19,-99,0.82,6,1,99,0,-23.75,0,847.71
CUST0470,Retail,Small,India,Professional,28,1564.77,Monthly,0,5,83,0.58,37.41,42,5,42.66,65,-0.88,7,17,119,0,-12.75,0,213.3
CUST0471,Healthcare,Medium,USA,Basic,15,1995.29,Monthly,0,4,21,0.41,4.06,47,1,27.7,-69,0.18,49,14,96,0,-10,42,27.7
CUST0472,Education,Small,USA,Enterprise,1,398.44,Monthly,1,1,52,0.53,30.99,29,5,42.99,37,0.12,6,19,23,0,13.25,0,214.95
CUST0473,Healthcare,Small,UK,Professional,55,930.11,Annual,0,0,82,0.58,49.24,6,8,77.79,4,0.32,51,22,26,0,15.5,44,622.32
CUST0474,Education,Medium,India,Professional,3,873.35,Monthly,0,5,43,0.35,82.15,60,2,66.07,35,0.67,48,2,48,0,-10,41,132.14
CUST0475,Finance,Large,Canada,Professional,14,622.9,Monthly,0,4,52,0.33,76.5,17,8,89.49,-26,0.45,15,4,74,0,-14.5,8,715.92
CUST0476,Education,Medium,Canada,Professional,38,412.23,Monthly,0,1,67,0.75,13.22,17,1,41.35,4,0.58,42,10,112,0,-18,35,41.35
CUST0477,Retail,Small,India,Professional,50,150.07,Monthly,0,5,44,0.88,10.19,14,4,54.79,47,-0.42,30,8,22,0,2.5,23,219.16
CUST0478,Technology,Small,India,Professional,57,1776.5,Monthly,0,3,32,0.23,53.86,24,1,13.13,47,-0.23,50,4,32,1,-4,43,13.13
CUST0479,Education,Medium,India,Basic,1,851.3,Annual,0,3,10,0.14,48.83,57,6,9.69,26,0.25,26,24,40,0,14,19,58.14
CUST0480,Education,Large,USA,Enterprise,38,1003.85,Monthly,0,4,64,0.9,25.44,50,9,56.01,-92,0.11,59,0,109,0,-27.25,52,504.09
CUST0481,Technology,Large,USA,Enterprise,38,1835.55,Annual,1,1,79,0.38,81.15,57,8,36.89,99,0.92,32,24,110,0,-3.5,25,295.12
CUST0482,Retail,Small,USA,Professional,21,1557.06,Monthly,1,3,69,0.57,83.61,37,6,73.92,-86,-0.63,52,13,55,0,-0.75,45,443.52
CUST0483,Healthcare,Small,Australia,Enterprise,48,278.39,Monthly,1,4,68,0.39,37.43,40,4,6.12,-4,-0.3,28,4,28,1,-3,21,24.48
CUST0484,Education,Large,Canada,Enterprise,29,1139.53,Monthly,0,3,28,0.17,80.35,39,3,15.49,4,0.15,7,7,30,0,-0.5,0,46.47
CUST0485,Technology,Medium,Canada,Enterprise,5,895.66,Monthly,0,3,53,0.61,35.79,55,3,103.96,-38,0.74,32,20,64,0,4,25,311.88
CUST0486,Finance,Small,UK,Professional,49,1598.48,Annual,0,5,51,0.55,66.84,32,9,68.39,-80,0.86,40,13,97,0,-11.25,33,615.51
CUST0487,Technology,Small,USA,Professional,10,1453.98,Annual,1,5,53,0.24,43.88,36,7,85.73,-96,-0.33,18,27,17,0,22.75,11,600.11
CUST0488,Finance,Large,Australia,Enterprise,28,1387,Annual,0,3,4,0.48,12.79,50,9,101.19,24,-0.87,20,15,81,0,-5.25,13,910.71
CUST0489,Retail,Medium,Australia,Enterprise,21,694.28,Annual,0,2,79,0.81,83.66,37,9,56.2,62,-0.16,40,5,5,0,3.75,33,505.8
CUST0490,Healthcare,Large,Canada,Professional,50,1613.83,Annual,1,5,17,0.61,41.96,48,9,91.57,-16,-0.21,20,7,51,0,-5.75,13,824.13
CUST0491,Technology,Medium,USA,Basic,7,123.73,Monthly,0,1,67,0.14,66.63,14,9,63.43,95,0.97,24,1,39,0,-8.75,17,570.87
CUST0492,Education,Medium,UK,Enterprise,3,336.06,Monthly,0,4,74,0.57,34.31,27,9,27.51,12,-0.14,41,18,64,0,2,34,247.59
CUST0493,Retail,Medium,USA,Basic,45,684.53,Monthly,1,4,47,0.72,3.66,59,0,41.18,75,-0.39,55,26,110,1,-1.5,48,0
CUST0494,Technology,Small,India,Enterprise,47,172.08,Monthly,1,1,56,0.8,10.85,19,4,59.35,-21,-0.27,22,8,41,0,-2.25,15,237.4
CUST0495,Education,Large,USA,Basic,20,485.29,Annual,0,1,23,0.65,45.67,31,1,38.71,89,-0.21,10,4,93,0,-19.25,3,38.71
CUST0496,Technology,Large,India,Basic,19,1663.7,Monthly,1,1,18,0.2,62.72,46,8,40.93,15,0.64,32,4,67,0,-12.75,25,327.44
CUST0497,Finance,Medium,India,Basic,35,1897.54,Monthly,1,1,1,0.72,31.46,9,6,41.15,62,-0.84,19,24,31,0,16.25,12,246.9
CUST0498,Technology,Small,UK,Professional,4,623.11,Monthly,1,0,35,0.69,63.2,38,9,15.62,97,-0.37,24,25,9,0,22.75,17,140.58
CUST0499,Technology,Small,Canada,Basic,5,543.74,Monthly,0,4,64,0.07,63.48,17,7,11.07,-4,0.93,25,18,106,0,-8.5,18,77.49
CUST0500,Technology,Large,USA,Basic,1,574.19,Monthly,0,0,58,0.44,63.95,19,5,6.53,-80,-0.69,39,29,68,0,12,32,32.65
CUST0501,Retail,Small,India,Basic,4,569.88,Monthly,0,3,95,0.37,45.34,44,8,14.2,-21,0.49,51,3,8,0,1,44,113.6
CUST0502,Technology,Small,USA,Enterprise,12,91.14,Monthly,1,3,59,0.69,82.51,4,5,41.9,-62,-0.29,11,15,68,0,-2,4,209.5
CUST0503,Education,Medium,Canada,Basic,60,1855.29,Monthly,0,4,1,0.26,45.05,48,6,71.67,61,0.16,31,15,60,0,0,24,430.02
CUST0504,Finance,Small,Canada,Enterprise,27,443.12,Monthly,0,3,3,0.61,41.62,57,6,23.39,20,-0.8,32,15,10,0,12.5,25,140.34
CUST0505,Finance,Medium,Australia,Basic,56,851.61,Monthly,0,1,67,0.92,19.55,11,8,106.67,23,-0.39,9,6,98,0,-18.5,2,853.36
CUST0506,Technology,Large,Canada,Basic,42,39.18,Monthly,1,0,37,0.81,29.07,22,7,97.2,42,0,3,17,90,0,-5.5,0,680.4
CUST0507,Retail,Small,UK,Professional,23,1718.75,Monthly,0,1,83,0.93,5.73,4,0,62.94,-95,-0.54,14,23,67,0,6.25,7,0
CUST0508,Retail,Large,India,Enterprise,25,1467.69,Monthly,0,3,29,0.98,57.75,17,3,87.18,93,0.08,50,20,73,0,1.75,43,261.54
CUST0509,Education,Large,Australia,Basic,21,1894.58,Monthly,0,5,89,0.06,23.87,8,6,44.59,-45,-0.56,5,0,102,0,-25.5,0,267.54
CUST0510,Technology,Small,UK,Enterprise,58,1567.6,Monthly,0,0,33,0.64,28.77,46,7,5.38,-52,0.3,26,2,96,0,-22,19,37.66
CUST0511,Finance,Small,USA,Enterprise,52,641.14,Monthly,1,1,61,0.44,69.83,59,6,108.62,-9,0.81,4,24,101,0,-1.25,0,651.72
CUST0512,Retail,Large,India,Professional,24,510.79,Monthly,1,4,93,0.87,30.8,34,2,16.21,28,-0.83,4,20,7,0,18.25,0,32.42
CUST0513,Technology,Small,Canada,Professional,25,1401.48,Monthly,0,1,90,0.29,23.31,11,3,113.8,-36,-0.57,17,7,48,0,-5,10,341.4
CUST0514,Retail,Medium,India,Professional,45,740.94,Monthly,0,5,4,0.98,16.88,31,6,69.05,-73,0.69,27,0,23,0,-5.75,20,414.3
CUST0515,Retail,Medium,USA,Professional,55,1141.11,Annual,1,3,14,0.63,70.19,11,7,37.36,-1,0.26,34,29,102,0,3.5,27,261.52
CUST0516,Finance,Small,Australia,Professional,46,32.39,Monthly,0,0,91,0.8,13.41,56,6,59.97,47,-0.84,58,6,32,0,-2,51,359.82
CUST0517,Healthcare,Large,Australia,Professional,32,142.53,Annual,0,4,33,0.13,41.93,54,5,60.69,75,-0.03,21,6,104,0,-20,14,303.45
CUST0518,Education,Small,Australia,Professional,55,1080.03,Monthly,1,0,22,0.22,46.61,56,8,3.77,-29,-0.58,33,7,106,0,-19.5,26,30.16
CUST0519,Education,Small,Canada,Professional,32,1140.82,Monthly,0,4,48,0.77,62.49,38,8,43.3,-36,-0.6,3,18,18,0,13.5,0,346.4
CUST0520,Finance,Large,UK,Basic,5,1507.88,Monthly,1,0,3,0.07,57.73,53,6,89.04,-50,0.88,17,16,1,0,15.75,10,534.24
CUST0521,Retail,Large,UK,Enterprise,36,281.29,Monthly,0,3,87,0.83,73.34,21,7,61.7,70,0.52,40,10,54,1,-3.5,33,431.9
CUST0522,Technology,Medium,India,Professional,46,1036.1,Monthly,0,4,85,0.06,5.94,46,5,30.06,-52,0.39,50,14,10,0,11.5,43,150.3
CUST0523,Retail,Large,Canada,Professional,42,405.01,Monthly,0,2,23,0.67,28.09,30,0,40.88,52,-0.52,25,8,98,0,-16.5,18,0
CUST0524,Finance,Medium,Australia,Enterprise,49,204.53,Monthly,1,0,68,0.4,26.65,10,0,103.7,-27,-0.76,41,16,16,0,12,34,0
CUST0525,Education,Large,Australia,Basic,42,832.78,Monthly,0,0,21,0.63,14.85,26,5,63.54,68,0.74,21,10,41,0,-0.25,14,317.7
CUST0526,Retail,Small,USA,Enterprise,58,343.41,Monthly,0,1,43,0.71,27.45,27,1,63.87,98,-0.99,46,5,60,0,-10,39,63.87
CUST0527,Education,Medium,USA,Enterprise,39,459.13,Monthly,1,4,95,0.38,29.26,8,7,115.41,91,-0.22,32,8,2,0,7.5,25,807.87
CUST0528,Technology,Medium,Australia,Professional,16,648.76,Monthly,0,5,85,0.15,47.93,39,0,39.18,88,-0.44,42,29,85,0,7.75,35,0
CUST0529,Education,Medium,Australia,Enterprise,33,533.59,Monthly,0,2,26,0.12,60.41,8,1,58.07,-89,0.14,13,17,34,0,8.5,6,58.07
CUST0530,Education,Small,Canada,Enterprise,49,193.43,Annual,0,3,41,0.61,35.54,60,7,97.59,3,-0.5,30,19,84,0,-2,23,683.13
CUST0531,Healthcare,Small,UK,Professional,21,198.03,Annual,1,1,99,0.54,65.31,8,5,91.31,-20,-0.38,9,1,88,0,-21,2,456.55
CUST0532,Healthcare,Small,USA,Professional,9,402.63,Annual,0,2,38,0.76,31.58,55,9,32.63,96,0.7,50,3,102,0,-22.5,43,293.67
CUST0533,Healthcare,Small,UK,Professional,6,120.11,Monthly,0,4,88,0.53,27.54,34,1,18.98,26,0.21,23,17,65,0,0.75,16,18.98
CUST0534,Education,Small,Canada,Professional,51,1260.38,Annual,0,2,11,0.45,49.62,59,1,84.38,-87,-0.71,20,27,0,0,27,13,84.38
CUST0535,Finance,Medium,Australia,Enterprise,45,588.91,Annual,0,0,29,0.43,4.09,16,6,31.66,-67,0.45,47,0,6,0,-1.5,40,189.96
CUST0536,Education,Small,UK,Enterprise,35,573.9,Monthly,1,0,60,0.08,9.02,41,4,110.8,-53,-0.59,7,10,19,0,5.25,0,443.2
CUST0537,Finance,Medium,Australia,Basic,39,677.36,Monthly,1,1,67,0.37,38.78,13,4,16.38,-40,-0.13,31,2,42,0,-8.5,24,65.52
CUST0538,Finance,Small,Australia,Basic,22,1332.34,Annual,1,4,65,0.98,84.98,23,7,38.88,-66,0.29,30,7,118,0,-22.5,23,272.16
CUST0539,Healthcare,Large,India,Enterprise,41,1743.86,Monthly,1,4,61,0.88,65.49,12,6,7.52,18,-0.46,33,4,5,0,2.75,26,45.12
CUST0540,Retail,Medium,UK,Basic,54,1522.99,Monthly,1,2,19,0.36,9.76,27,8,84.69,-36,-0.23,22,19,54,0,5.5,15,677.52
CUST0541,Technology,Large,UK,Enterprise,5,1460.51,Monthly,0,1,46,0.61,76.48,22,3,107.06,-42,0.47,24,20,99,0,-4.75,17,321.18
CUST0542,Healthcare,Medium,Australia,Basic,42,979.09,Monthly,1,4,49,0.85,66.44,32,9,76.67,-65,0.88,6,21,114,1,-7.5,0,690.03
CUST0543,Healthcare,Large,Canada,Professional,23,1393.74,Annual,0,5,22,0.47,55.76,57,3,112.59,46,0.06,18,21,20,0,16,11,337.77
CUST0544,Retail,Small,India,Basic,17,1114.47,Monthly,0,5,78,0.07,74.19,49,1,16.29,-59,-0.98,6,4,50,0,-8.5,0,16.29
CUST0545,Technology,Small,Australia,Professional,12,448.18,Monthly,1,0,57,0.12,37.56,27,2,11.44,-32,-0.32,46,27,45,1,15.75,39,22.88
CUST0546,Education,Small,USA,Professional,23,433,Monthly,0,2,14,0.53,21.49,2,0,100.77,46,-0.2,7,10,34,0,1.5,0,0
CUST0547,Education,Medium,USA,Professional,16,606.86,Monthly,1,3,44,0.97,47.06,45,0,102.81,6,-0.32,13,11,99,0,-13.75,6,0
CUST0548,Healthcare,Large,India,Professional,3,1823.39,Monthly,0,0,16,0.71,50.3,33,6,99.89,-62,-0.13,0,21,7,0,19.25,0,599.34
CUST0549,Technology,Small,Canada,Basic,30,1103.88,Monthly,0,1,97,0.12,49.37,26,4,96.08,-32,0.27,12,8,113,0,-20.25,5,384.32
CUST0550,Healthcare,Large,Australia,Enterprise,57,1473.13,Annual,0,4,77,0.23,51.73,28,2,44.11,79,-0.76,2,20,67,0,3.25,0,88.22
CUST0551,Finance,Large,UK,Professional,22,706.19,Monthly,0,0,12,0.78,85.49,19,6,26.88,-89,-0.45,52,12,106,0,-14.5,45,161.28
CUST0552,Healthcare,Small,India,Basic,9,827.28,Monthly,1,3,55,0.85,81.4,43,1,111.53,-18,0.02,27,21,15,0,17.25,20,111.53
CUST0553,Healthcare,Small,Canada,Professional,29,268.62,Monthly,0,3,51,0.64,79.06,5,2,37.53,74,-0.37,37,19,66,0,2.5,30,75.06
CUST0554,Education,Large,UK,Basic,47,359.16,Monthly,0,5,39,0.66,72.52,33,0,48.41,-65,0.98,50,28,70,0,10.5,43,0
CUST0555,Education,Small,USA,Basic,37,1658.17,Annual,0,1,33,0.08,85.02,20,7,84.25,25,-0.14,14,2,63,0,-13.75,7,589.75
CUST0556,Education,Small,USA,Basic,23,1177.98,Annual,0,0,33,0.84,10.67,30,1,35.91,-38,0.74,35,12,1,0,11.75,28,35.91
CUST0557,Finance,Small,UK,Enterprise,13,688.31,Annual,0,2,29,0.8,25.33,45,6,98.48,-25,0.79,52,27,0,0,27,45,590.88
CUST0558,Education,Medium,India,Basic,32,1609.65,Monthly,1,0,69,0.3,45.56,8,8,9.33,-19,0.67,2,21,57,0,6.75,0,74.64
CUST0559,Technology,Large,USA,Basic,46,508.11,Monthly,0,5,70,0.72,76.5,38,5,95.15,-50,-0.91,3,10,0,0,10,0,475.75
CUST0560,Retail,Large,Australia,Enterprise,52,1952.54,Monthly,1,3,31,0.25,46.45,17,1,72.62,-58,0.9,4,10,101,0,-15.25,0,72.62
CUST0561,Technology,Medium,UK,Enterprise,47,702.74,Monthly,1,1,80,0.09,67.83,44,1,69.19,-67,-0.74,49,20,114,0,-8.5,42,69.19
CUST0562,Technology,Large,UK,Basic,48,687.88,Annual,0,1,31,0.24,14.23,1,8,55.55,-4,-0.93,25,19,6,0,17.5,18,444.4
CUST0563,Education,Small,USA,Enterprise,23,637.59,Annual,1,2,89,0.22,24.21,3,9,33.97,-52,-0.17,24,20,87,0,-1.75,17,305.73
CUST0564,Retail,Large,India,Professional,45,261.78,Annual,1,1,46,0.37,66.4,46,7,56.22,45,-0.61,9,6,68,0,-11,2,393.54
CUST0565,Retail,Small,Australia,Professional,17,240.05,Annual,0,5,97,0.45,16.5,26,8,54.55,24,-0.63,7,16,84,1,-5,0,436.4
CUST0566,Retail,Medium,India,Enterprise,55,1303.25,Annual,0,5,77,0.53,32.92,31,3,70.47,88,-0.42,11,15,91,0,-7.75,4,211.41
CUST0567,Finance,Small,Canada,Enterprise,40,1752.73,Monthly,0,5,52,0.5,25.31,8,3,34.51,-44,-0.5,53,13,17,0,8.75,46,103.53
CUST0568,Education,Large,Canada,Basic,21,1585.23,Monthly,1,1,10,0.31,32.79,43,1,10.23,-8,0.37,57,0,87,0,-21.75,50,10.23
CUST0569,Retail,Large,USA,Enterprise,2,299.39,Monthly,1,1,88,0.08,64.33,59,9,18.27,8,-0.63,58,10,31,0,2.25,51,164.43
CUST0570,Finance,Large,USA,Basic,37,1100.25,Monthly,1,5,74,0.62,34.37,46,0,84.2,-96,0.09,2,12,44,0,1,0,0
CUST0571,Healthcare,Medium,USA,Professional,6,229.07,Monthly,0,1,41,0.43,50.86,8,9,3.68,-77,0.97,26,0,32,1,-8,19,33.12
CUST0572,Healthcare,Medium,Canada,Enterprise,44,109.68,Monthly,0,1,95,0.33,10.79,35,3,102.92,91,-0.14,49,1,73,0,-17.25,42,308.76
CUST0573,Finance,Large,India,Basic,18,1319.64,Annual,0,3,77,0.87,72.84,39,9,83.63,-42,0.28,22,8,72,0,-10,15,752.67
CUST0574,Finance,Small,India,Basic,30,1079.6,Monthly,0,0,3,0.76,34.55,28,9,92.4,-63,0.94,39,12,48,0,0,32,831.6
CUST0575,Education,Medium,USA,Professional,22,182.41,Annual,0,4,59,0.86,59.07,51,7,100.48,60,-0.72,57,4,32,0,-4,50,703.36
CUST0576,Education,Large,Australia,Enterprise,54,89.18,Annual,1,1,52,0.52,65.83,4,1,15.6,-91,-0.16,32,29,96,0,5,25,15.6
CUST0577,Healthcare,Large,India,Professional,33,1979.72,Monthly,1,4,34,0.17,20.45,57,7,98.87,64,0.7,13,8,70,0,-9.5,6,692.09
CUST0578,Retail,Medium,Canada,Basic,30,79.44,Monthly,1,4,49,0.71,79.85,16,0,61.05,25,0.86,53,12,67,0,-4.75,46,0
CUST0579,Healthcare,Medium,UK,Basic,17,900.17,Monthly,0,3,28,0.25,56.23,13,0,106.38,-90,0.2,22,4,27,0,-2.75,15,0
CUST0580,Retail,Medium,UK,Enterprise,43,1019.15,Annual,0,1,83,0.47,39.73,20,3,106.5,-77,-0.71,30,14,86,0,-7.5,23,319.5
CUST0581,Retail,Small,UK,Basic,32,252.21,Annual,0,5,87,0.11,18.05,51,6,3.88,-13,0.8,12,29,52,0,16,5,23.28
CUST0582,Education,Small,Australia,Enterprise,42,354.74,Annual,1,4,96,0.83,84.92,5,8,46.56,98,-0.65,56,6,95,0,-17.75,49,372.48
CUST0583,Technology,Large,USA,Professional,51,716.57,Monthly,1,1,13,0.17,68.45,55,4,63.64,13,-0.29,11,13,43,0,2.25,4,254.56
CUST0584,Technology,Medium,Canada,Enterprise,14,1528.12,Monthly,0,2,97,0.91,20.31,37,1,81.72,-80,-0.25,34,29,79,0,9.25,27,81.72
CUST0585,Finance,Small,Australia,Enterprise,58,1024.02,Monthly,0,5,98,0.87,31.72,20,6,35.06,47,-0.11,17,15,109,0,-12.25,10,210.36
CUST0586,Education,Medium,Canada,Basic,10,1283.05,Annual,0,2,97,0.49,73.25,24,1,31,-91,0.58,20,5,54,0,-8.5,13,31
CUST0587,Retail,Large,Canada,Basic,47,1970.65,Monthly,0,2,69,0.76,63.22,36,8,46.37,74,0.6,44,1,9,0,-1.25,37,370.96
CUST0588,Technology,Small,USA,Enterprise,60,1540.65,Monthly,0,4,67,0.64,69.39,34,8,60.61,74,0.44,46,15,13,0,11.75,39,484.88
CUST0589,Retail,Small,UK,Basic,51,880.04,Monthly,0,2,61,0.81,40.83,58,2,114.19,42,-0.96,41,18,102,0,-7.5,34,228.38
CUST0590,Technology,Small,USA,Basic,36,903.96,Monthly,0,3,60,0.46,65.05,45,7,91.69,71,0.13,0,4,35,0,-4.75,0,641.83
CUST0591,Technology,Large,Australia,Basic,34,1245.17,Monthly,1,3,71,0.8,36.01,48,3,52.09,89,0.49,37,3,33,0,-5.25,30,156.27
CUST0592,Technology,Medium,Australia,Enterprise,9,1337.42,Monthly,0,4,24,0.49,20.59,54,2,7.47,33,-0.11,40,13,87,0,-8.75,33,14.94
CUST0593,Education,Small,Australia,Basic,42,1011.41,Monthly,0,1,63,0.94,57.68,34,0,21.05,-35,0.89,41,26,17,1,21.75,34,0
CUST0594,Healthcare,Large,USA,Enterprise,28,1296.83,Monthly,0,0,86,0.51,87.89,19,4,55.26,21,0.65,46,5,15,0,1.25,39,221.04
CUST0595,Retail,Medium,Canada,Basic,11,66.59,Annual,0,1,61,0.49,29.33,17,3,97.85,31,0.28,8,7,104,0,-19,1,293.55
CUST0596,Education,Large,Canada,Professional,14,870.65,Annual,0,1,23,0.8,42.57,5,0,46.3,-78,-0.88,22,23,36,0,14,15,0
CUST0597,Education,Medium,India,Basic,39,572.3,Monthly,0,1,30,0.83,61.31,25,9,65.08,-88,0.3,13,2,40,0,-8,6,585.72
CUST0598,Education,Large,Australia,Basic,55,275.77,Annual,0,1,60,0.58,49.65,18,7,107.12,58,0.82,10,3,24,0,-3,3,749.84
CUST0599,Education,Medium,Canada,Enterprise,47,217.1,Monthly,0,5,18,0.22,76.22,60,7,109.74,-85,-0.24,6,0,7,0,-1.75,0,768.18
CUST0600,Education,Small,India,Enterprise,54,1214.32,Monthly,1,0,96,0.49,69.03,55,7,26.68,-60,0.68,30,1,87,0,-20.75,23,186.76
CUST0601,Finance,Medium,Canada,Basic,19,1056.73,Annual,0,5,56,0.97,7.13,53,2,6.19,-100,-0.37,23,12,83,0,-8.75,16,12.38
CUST0602,Retail,Large,Australia,Professional,54,522.1,Annual,1,2,53,0.77,89.86,50,5,37.34,10,0.14,25,8,111,0,-19.75,18,186.7
CUST0603,Education,Large,UK,Basic,15,952.48,Annual,0,1,7,0.82,68.21,8,6,83.8,-89,0.3,29,11,93,0,-12.25,22,502.8
CUST0604,Retail,Medium,Australia,Basic,28,994.62,Monthly,0,3,97,0.08,78.02,27,8,114.18,18,0.36,33,9,83,0,-11.75,26,913.44
CUST0605,Finance,Small,USA,Professional,24,406.12,Monthly,0,4,69,0.49,59.31,15,4,10.17,83,0.77,45,9,17,0,4.75,38,40.68
CUST0606,Finance,Small,Canada,Enterprise,8,1311.14,Annual,0,4,92,0.66,77.35,45,8,4.39,77,-0.53,37,17,67,0,0.25,30,35.12
CUST0607,Retail,Medium,Canada,Basic,43,1566.22,Monthly,1,5,72,0.84,11.89,13,5,106.21,-81,-0.48,4,11,47,0,-0.75,0,531.05
CUST0608,Technology,Medium,USA,Enterprise,9,1587.1,Monthly,1,5,79,0.1,32.6,16,9,90.03,93,0.41,4,21,99,0,-3.75,0,810.27
CUST0609,Healthcare,Large,USA,Enterprise,47,1212.89,Annual,1,3,52,0.86,79.13,22,9,119.08,-65,-0.65,18,29,69,0,11.75,11,1071.72
CUST0610,Technology,Small,UK,Professional,33,1033.04,Annual,1,1,4,0.57,19.75,20,9,48.22,-22,-0.07,50,15,66,1,-1.5,43,433.98
CUST0611,Technology,Medium,Canada,Professional,33,140.79,Annual,0,0,34,0.24,8.89,13,3,50.51,65,-0.96,37,22,17,0,17.75,30,151.53
CUST0612,Technology,Small,Canada,Enterprise,19,589.91,Monthly,0,2,69,0.35,71.35,20,0,21.51,49,-0.72,27,5,110,0,-22.5,20,0
CUST0613,Education,Medium,UK,Basic,3,204.68,Annual,0,4,33,0.32,75.52,2,0,14.79,7,0.36,25,23,103,0,-2.75,18,0
CUST0614,Finance,Medium,India,Enterprise,10,1928.37,Monthly,1,2,69,0.55,16.31,35,9,69.87,88,0.49,41,24,17,1,19.75,34,628.83
CUST0615,Technology,Small,UK,Basic,40,287.46,Monthly,1,0,38,0.1,77.18,47,4,44.35,77,-0.77,22,23,55,0,9.25,15,177.4
CUST0616,Finance,Medium,Australia,Basic,47,320.52,Monthly,0,5,98,0.2,62.44,55,2,10.56,-5,-0.54,45,20,22,0,14.5,38,21.12
CUST0617,Retail,Medium,Canada,Professional,42,1781.36,Monthly,1,4,26,0.82,47.77,19,4,106.55,-42,-0.8,48,23,34,0,14.5,41,426.2
CUST0618,Healthcare,Large,USA,Basic,1,1888.98,Monthly,0,2,1,0.18,75.06,45,4,24.6,-81,-0.13,29,9,5,0,7.75,22,98.4
CUST0619,Retail,Medium,Australia,Basic,29,1536.34,Monthly,0,5,4,0.27,38.89,37,0,90.08,63,-0.75,2,14,117,0,-15.25,0,0
CUST0620,Retail,Medium,Canada,Enterprise,50,30.7,Monthly,0,0,39,0.48,19.07,58,7,34.59,25,-0.13,27,25,25,0,18.75,20,242.13
CUST0621,Education,Medium,UK,Professional,34,22.67,Monthly,1,2,54,0.54,27.07,54,4,97.74,-4,0.46,32,8,84,0,-13,25,390.96
CUST0622,Healthcare,Large,Australia,Basic,51,768.64,Monthly,1,1,90,0.78,46.45,6,4,15.09,42,0.37,41,29,60,0,14,34,60.36
CUST0623,Retail,Small,Canada,Basic,13,303.92,Monthly,0,5,33,0.47,48.76,14,8,90.97,-39,-0.44,2,23,87,0,1.25,0,727.76
CUST0624,Retail,Large,India,Professional,54,56.4,Monthly,0,0,33,0.8,72.89,4,7,12.68,30,0.35,4,1,14,0,-2.5,0,88.76
CUST0625,Healthcare,Large,India,Enterprise,1,938.85,Annual,0,2,72,0.64,71.64,22,0,54.18,-8,0.86,56,17,90,1,-5.5,49,0
CUST0626,Healthcare,Small,USA,Professional,34,1887.26,Annual,1,1,20,0.16,53.16,51,2,88.35,-10,-0.3,18,11,31,0,3.25,11,176.7
CUST0627,Retail,Large,Canada,Professional,29,661.16,Monthly,0,1,16,0.2,70.71,55,6,21.61,32,-0.34,41,2,11,0,-0.75,34,129.66
CUST0628,Healthcare,Small,India,Basic,48,1329.06,Annual,0,0,21,0.47,18.88,39,0,34.99,22,0.14,57,6,4,0,5,50,0
CUST0629,Retail,Large,UK,Basic,47,1311.43,Monthly,0,3,45,0.43,6.41,36,0,103.91,83,-0.51,56,8,63,0,-7.75,49,0
CUST0630,Retail,Small,Canada,Enterprise,13,517.14,Monthly,0,4,90,0.76,78.88,34,4,106.33,58,0.3,47,7,70,0,-10.5,40,425.32
CUST0631,Education,Medium,UK,Basic,48,1307.84,Annual,0,0,87,0.6,8.65,27,8,6.35,-15,0.66,0,24,85,0,2.75,0,50.8
CUST0632,Technology,Large,UK,Basic,49,440.42,Monthly,1,1,82,0.42,23.71,7,5,21,62,-0.08,37,5,26,0,-1.5,30,105
CUST0633,Retail,Large,India,Professional,53,261.57,Annual,0,1,62,0.21,63.19,3,9,14.98,17,0.36,8,0,78,0,-19.5,1,134.82
CUST0634,Finance,Large,Canada,Basic,29,1408.74,Monthly,1,0,31,0.27,38.03,47,1,22.38,98,0.3,59,13,102,0,-12.5,52,22.38
CUST0635,Technology,Large,Australia,Enterprise,39,244.61,Annual,0,3,42,0.6,79.12,33,8,116.45,97,-0.92,4,15,44,0,4,0,931.6
CUST0636,Technology,Medium,India,Professional,24,1993.88,Monthly,0,4,12,0.45,28.22,2,5,66.65,-75,-0.63,58,27,34,0,18.5,51,333.25
CUST0637,Technology,Large,India,Enterprise,26,383.24,Monthly,0,2,65,0.54,3.04,42,4,56.71,17,0.79,45,15,25,0,8.75,38,226.84
CUST0638,Education,Medium,Canada,Professional,17,1196.4,Monthly,1,0,73,0.21,28.46,16,4,118.15,-100,0.88,41,3,22,0,-2.5,34,472.6
CUST0639,Retail,Medium,Canada,Basic,7,834.52,Annual,1,4,3,0.68,52.87,25,2,67.28,-94,0.56,33,28,12,0,25,26,134.56
CUST0640,Education,Medium,UK,Professional,13,270.25,Monthly,1,4,90,0.86,35.08,60,5,79.67,63,0.84,36,5,89,0,-17.25,29,398.35
CUST0641,Retail,Medium,Canada,Professional,5,75.13,Annual,0,5,9,0.3,49.07,15,3,40.6,-25,-0.39,32,14,2,0,13.5,25,121.8
CUST0642,Education,Small,UK,Basic,26,1253.01,Monthly,0,1,51,0.52,79.14,24,9,46.47,-14,-0.5,24,27,28,0,20,17,418.23
CUST0643,Education,Small,India,Basic,49,1617.38,Monthly,1,2,16,0.98,82.3,15,1,71.73,52,-0.23,41,21,65,0,4.75,34,71.73
CUST0644,Finance,Large,USA,Enterprise,3,1687.19,Monthly,1,0,88,0.37,25.41,31,2,9.3,-7,-0.89,28,7,63,0,-8.75,21,18.6
CUST0645,Education,Small,Australia,Enterprise,7,975.77,Monthly,0,1,78,0.62,42.67,14,8,31.45,86,0.62,57,0,27,0,-6.75,50,251.6
CUST0646,Healthcare,Small,India,Basic,58,1559.36,Annual,1,5,3,0.14,50.32,54,8,24.42,-40,0.97,24,12,86,0,-9.5,17,195.36
CUST0647,Finance,Large,Canada,Basic,49,1352.24,Monthly,0,5,98,0.63,85.52,14,5,2.89,-72,0.65,53,26,35,0,17.25,46,14.45
CUST0648,Education,Large,Australia,Basic,39,1454.02,Monthly,0,1,97,0.14,89.88,6,9,64.89,-6,0.11,58,17,112,0,-11,51,584.01
CUST0649,Technology,Large,USA,Professional,53,995.35,Monthly,0,3,24,0.96,22.72,14,9,67.77,-83,-0.41,8,17,5,0,15.75,1,609.93
CUST0650,Healthcare,Small,USA,Professional,1,1274.16,Monthly,0,4,73,0.73,65.97,17,8,46.69,-60,-0.6,2,12,10,0,9.5,0,373.52
CUST0651,Healthcare,Small,UK,Professional,49,1614.94,Annual,0,0,13,0.8,35.27,18,3,32.98,46,-0.27,14,21,37,0,11.75,7,98.94
CUST0652,Healthcare,Large,Australia,Basic,17,807.81,Monthly,0,0,2,0.72,2.71,20,4,78.6,31,0.33,3,29,117,0,-0.25,0,314.4
CUST0653,Finance,Medium,UK,Enterprise,43,1615.84,Monthly,0,0,71,0.61,2.81,51,9,17.02,92,-0.11,44,13,33,0,4.75,37,153.18
CUST0654,Education,Large,India,Basic,25,1192.19,Annual,0,1,21,0.48,42.53,17,5,62.72,-60,0.87,37,10,80,1,-10,30,313.6
CUST0655,Education,Medium,Australia,Professional,59,348.48,Annual,0,3,19,0.87,44.97,16,8,92.4,22,0.71,19,6,66,0,-10.5,12,739.2
CUST0656,Technology,Medium,India,Professional,3,68.87,Monthly,1,2,89,0.96,3.99,40,4,20.55,42,-0.8,48,17,107,0,-9.75,41,82.2
CUST0657,Technology,Large,UK,Basic,15,738.25,Monthly,0,5,47,0.52,62.45,39,7,90.64,81,-0.74,22,20,45,0,8.75,15,634.48
CUST0658,Healthcare,Large,Australia,Basic,29,1102.46,Monthly,0,1,22,0.93,27.87,52,0,91.53,91,0.35,36,21,97,0,-3.25,29,0
CUST0659,Technology,Large,UK,Professional,53,1682.84,Monthly,0,2,75,0.6,51.27,32,4,8.13,99,-0.54,46,3,85,0,-18.25,39,32.52
CUST0660,Finance,Small,Australia,Professional,43,272.42,Annual,1,5,33,0.56,28.48,60,9,3.24,42,0.58,7,16,28,0,9,0,29.16
CUST0661,Education,Medium,UK,Professional,32,1604.41,Monthly,0,5,32,0.48,16.71,44,0,116.9,77,0.18,56,18,59,0,3.25,49,0
CUST0662,Healthcare,Small,USA,Basic,26,1728.76,Monthly,0,3,64,0.25,37.83,9,9,24.01,-79,-0.54,36,13,53,0,-0.25,29,216.09
CUST0663,Technology,Small,UK,Professional,60,318.36,Monthly,0,4,85,0.05,22.44,27,5,98.83,45,-0.04,55,9,92,0,-14,48,494.15
CUST0664,Finance,Large,USA,Professional,16,1706.16,Monthly,1,0,39,0.28,49.06,46,6,67.86,-21,-0.19,44,24,68,0,7,37,407.16
CUST0665,Finance,Small,UK,Enterprise,25,1983.08,Monthly,0,2,84,0.53,19.5,52,4,32.47,29,0.75,32,28,73,0,9.75,25,129.88
CUST0666,Technology,Large,Australia,Basic,54,1459.14,Monthly,0,1,72,0.41,46.74,33,0,16.47,-65,-0.94,32,5,73,0,-13.25,25,0
CUST0667,Education,Medium,Australia,Enterprise,28,1573.84,Monthly,0,2,42,0.48,15.85,10,5,60.1,-81,0.79,6,17,116,0,-12,0,300.5
CUST0668,Technology,Large,Australia,Enterprise,9,1988.94,Monthly,0,4,9,0.98,61.05,17,9,49.48,43,0.3,21,24,8,0,22,14,445.32
CUST0669,Healthcare,Small,Canada,Professional,56,1218.85,Monthly,1,0,25,0.38,68.35,49,4,84.17,-34,0.48,4,3,84,0,-18,0,336.68
CUST0670,Technology,Small,India,Basic,56,629.62,Monthly,1,2,89,0.48,11.71,49,5,108.6,19,-0.99,45,10,76,0,-9,38,543
CUST0671,Finance,Large,Australia,Professional,1,1678.31,Monthly,0,4,97,0.18,43.17,36,9,96.82,57,0.26,14,12,9,0,9.75,7,871.38
CUST0672,Technology,Large,USA,Basic,29,1236.68,Monthly,1,1,2,0.1,8.24,17,6,33.66,-46,0.18,20,7,101,0,-18.25,13,201.96
CUST0673,Education,Small,Australia,Enterprise,57,1170.77,Monthly,0,3,19,0.79,54.64,18,6,105.59,-35,0.07,24,9,74,0,-9.5,17,633.54
CUST0674,Retail,Medium,Canada,Basic,22,522.2,Monthly,0,5,20,0.59,25.27,52,1,100.17,-75,0.57,16,22,67,0,5.25,9,100.17
CUST0675,Technology,Medium,USA,Professional,16,1517.54,Monthly,1,1,93,0.77,48.43,23,2,111.57,84,0.11,55,27,57,0,12.75,48,223.14
CUST0676,Education,Large,Canada,Professional,41,181.7,Monthly,0,0,70,0.19,47.54,34,5,55.58,96,0.71,49,10,109,1,-17.25,42,277.9
CUST0677,Education,Medium,USA,Professional,51,1850.09,Annual,1,5,17,0.59,83.34,8,2,92.46,29,-0.53,6,2,94,0,-21.5,0,184.92
CUST0678,Finance,Small,UK,Basic,44,665.13,Annual,0,1,89,0.29,50.32,13,1,71.41,-45,0.61,53,14,112,0,-14,46,71.41
CUST0679,Education,Large,India,Enterprise,51,272.99,Annual,0,1,68,0.27,53.3,23,3,37.95,89,-0.64,57,7,51,0,-5.75,50,113.85
CUST0680,Education,Small,India,Enterprise,54,895.89,Monthly,0,1,94,0.06,37.35,57,4,119.34,-67,0.63,49,19,33,0,10.75,42,477.36
CUST0681,Education,Small,Canada,Basic,41,104.09,Annual,0,1,84,0.17,85.52,54,9,5.56,-45,0.88,59,17,105,0,-9.25,52,50.04
CUST0682,Education,Medium,India,Professional,7,1375.56,Monthly,1,5,3,0.34,70.39,20,8,20.31,-46,-0.33,18,26,34,0,17.5,11,162.48
CUST0683,Healthcare,Large,Canada,Enterprise,14,1807.36,Monthly,0,0,87,0.16,27.12,22,2,107.21,-81,0.06,51,20,102,0,-5.5,44,214.42
CUST0684,Healthcare,Large,Canada,Professional,29,1677.78,Monthly,1,4,51,0.99,76.29,47,2,8.21,-51,0.32,6,0,102,0,-25.5,0,16.42
CUST0685,Finance,Medium,Canada,Basic,19,272.19,Annual,0,2,82,0.34,40.05,52,5,106.53,52,-0.84,39,28,32,0,20,32,532.65
CUST0686,Technology,Small,India,Professional,19,270.02,Monthly,0,3,26,0.17,74.92,23,4,86.11,-17,-0.01,44,23,71,0,5.25,37,344.44
CUST0687,Education,Small,Canada,Enterprise,2,1630.6,Monthly,1,2,56,0.24,74.41,41,5,5.37,52,-0.28,58,29,31,0,21.25,51,26.85
CUST0688,Technology,Small,India,Enterprise,41,1850.02,Annual,1,2,64,0.61,18.62,35,6,52.09,-48,0.74,49,7,54,0,-6.5,42,312.54
CUST0689,Technology,Small,Canada,Professional,45,932.13,Annual,0,3,8,0.11,63.7,3,2,90.78,41,0.75,23,2,96,0,-22,16,181.56
CUST0690,Finance,Large,Australia,Basic,15,1007.96,Monthly,1,5,81,0.87,27.58,34,4,70.39,87,0.4,10,0,7,1,-1.75,3,281.56
CUST0691,Education,Large,Canada,Professional,3,650.16,Monthly,0,0,95,0.96,28.18,33,7,112.37,10,0.31,40,19,45,0,7.75,33,786.59
CUST0692,Education,Medium,USA,Basic,11,1790.64,Monthly,0,3,37,0.28,28.08,46,3,104.25,70,0.47,54,24,13,0,20.75,47,312.75
CUST0693,Retail,Medium,Canada,Professional,53,1296.91,Annual,0,0,97,0.48,65.85,17,9,40.59,89,-0.27,0,15,97,0,-9.25,0,365.31
CUST0694,Technology,Large,UK,Enterprise,46,590.74,Monthly,1,5,27,0.07,22.22,45,1,11.07,11,-0.19,53,8,7,0,6.25,46,11.07
CUST0695,Technology,Large,Canada,Basic,30,611.59,Monthly,0,2,45,0.66,2.08,19,3,113.37,-32,0.11,31,16,114,0,-12.5,24,340.11
CUST0696,Healthcare,Small,USA,Basic,57,1784.58,Annual,1,0,4,0.44,64.94,30,1,62.56,90,0.88,39,26,105,1,-0.25,32,62.56
CUST0697,Retail,Small,USA,Basic,40,47,Monthly,0,5,86,0.31,17.06,23,2,9.85,-99,0.45,52,15,70,0,-2.5,45,19.7
CUST0698,Healthcare,Medium,India,Enterprise,18,659,Monthly,1,5,90,0.25,11.19,15,3,98.17,81,0.1,43,22,76,1,3,36,294.51
CUST0699,Healthcare,Large,Australia,Professional,51,1117.63,Monthly,0,4,96,0.67,22.9,59,3,104.35,-85,0.54,1,5,53,0,-8.25,0,313.05
CUST0700,Healthcare,Medium,Canada,Enterprise,48,313.47,Monthly,1,3,88,0.45,35.43,57,9,77.09,82,-0.26,14,29,20,0,24,7,693.81
CUST0701,Finance,Large,India,Basic,2,202.36,Monthly,0,4,99,0.22,43.88,14,8,54.25,-7,0.46,20,22,110,0,-5.5,13,434
CUST0702,Finance,Small,Australia,Professional,32,1634.25,Monthly,1,2,37,0.7,5.92,2,9,79.8,70,-0.18,23,6,95,0,-17.75,16,718.2
CUST0703,Healthcare,Medium,Canada,Enterprise,8,1790.92,Monthly,1,3,96,0.59,87.41,39,5,85.1,88,-0.44,49,23,74,0,4.5,42,425.5
CUST0704,Retail,Medium,UK,Basic,22,1650.74,Monthly,1,2,71,0.87,65.01,49,8,107.27,65,0.22,16,15,13,0,11.75,9,858.16
CUST0705,Technology,Large,Canada,Basic,6,1799.6,Monthly,0,4,33,0.16,30.44,18,3,114.75,-56,0.37,46,7,74,0,-11.5,39,344.25
CUST0706,Retail,Small,USA,Enterprise,12,1115.16,Annual,1,5,31,0.8,30.05,6,8,62.2,25,-0.08,51,9,1,0,8.75,44,497.6
CUST0707,Education,Medium,USA,Enterprise,47,1628.27,Annual,0,2,55,0.69,41.47,59,8,96.02,78,0.13,51,13,97,0,-11.25,44,768.16
CUST0708,Finance,Small,UK,Enterprise,57,780.4,Monthly,1,3,12,0.16,57.11,32,5,115.78,69,0.39,8,10,60,1,-5,1,578.9
CUST0709,Technology,Medium,India,Basic,40,1339.21,Monthly,1,3,11,0.71,14.88,21,4,19,-77,0.54,34,1,107,0,-25.75,27,76
CUST0710,Technology,Small,Australia,Enterprise,36,1977.89,Monthly,0,2,88,0.47,18.63,40,2,3.17,14,0.79,19,11,110,0,-16.5,12,6.34
CUST0711,Education,Large,Canada,Basic,15,466.94,Annual,0,3,72,0.95,77.63,28,4,104.41,57,-0.29,18,27,16,0,23,11,417.64
CUST0712,Education,Medium,USA,Enterprise,28,792,Monthly,0,5,32,0.18,24.55,27,2,24.24,64,0.9,17,27,77,0,7.75,10,48.48
CUST0713,Healthcare,Medium,India,Basic,52,970.49,Annual,0,5,57,0.66,35.46,2,4,6.05,22,0.27,19,19,88,0,-3,12,24.2
CUST0714,Finance,Small,UK,Basic,57,293.27,Monthly,0,3,38,0.41,78.67,33,4,20.05,80,0.58,29,19,47,0,7.25,22,80.2
CUST0715,Finance,Small,USA,Professional,49,180.46,Annual,0,2,60,0.96,60.36,16,1,46.71,90,0.4,39,12,90,0,-10.5,32,46.71
CUST0716,Retail,Medium,UK,Enterprise,45,1662.85,Annual,0,4,86,0.36,32.07,39,8,27.09,38,-0.59,0,14,7,0,12.25,0,216.72
CUST0717,Healthcare,Large,Canada,Enterprise,18,1954.05,Annual,0,3,98,0.96,62.17,22,6,37.33,-23,-0.86,23,26,55,1,12.25,16,223.98
CUST0718,Healthcare,Small,Australia,Basic,2,821.36,Monthly,0,3,19,0.91,3.73,56,5,117.06,50,0.45,23,25,16,0,21,16,585.3
CUST0719,Healthcare,Small,USA,Basic,13,193.55,Monthly,0,3,84,0.31,66.74,43,4,84.82,16,0.02,46,11,68,0,-6,39,339.28
CUST0720,Healthcare,Small,USA,Basic,45,150.31,Monthly,1,3,56,0.81,44.86,47,3,85.75,-21,0.4,18,12,11,1,9.25,11,257.25
CUST0721,Finance,Medium,Canada,Professional,54,1784.81,Monthly,0,2,14,1,73.56,13,7,12.27,-51,-0.05,29,7,37,0,-2.25,22,85.89
CUST0722,Finance,Medium,India,Professional,15,938.35,Monthly,1,4,33,0.29,86.01,56,1,88.12,-16,-0.38,25,15,17,1,10.75,18,88.12
CUST0723,Healthcare,Medium,Australia,Basic,20,653.65,Monthly,0,4,10,0.46,83.47,2,7,88.98,82,-0.43,41,29,25,1,22.75,34,622.86
CUST0724,Retail,Medium,USA,Enterprise,29,963.39,Monthly,0,0,80,0.54,82.02,14,0,79.51,82,0.46,43,28,94,0,4.5,36,0
CUST0725,Technology,Large,Australia,Enterprise,59,650.24,Monthly,1,3,64,0.33,47.07,56,9,28.18,-97,-0.45,59,28,36,0,19,52,253.62
CUST0726,Technology,Large,USA,Professional,42,988.29,Monthly,0,3,64,0.06,33.69,38,0,51.34,81,0.43,37,2,69,0,-15.25,30,0
CUST0727,Retail,Medium,Australia,Professional,29,1721.92,Monthly,0,0,62,0.26,42.92,41,2,101.71,-40,-0.23,28,27,40,0,17,21,203.42
CUST0728,Healthcare,Large,UK,Basic,3,1192.76,Annual,0,4,68,0.32,62.71,28,4,80.75,10,0.54,12,28,78,0,8.5,5,323
CUST0729,Finance,Small,USA,Enterprise,19,1395.41,Monthly,0,1,91,0.47,79.79,7,5,88.2,-23,-0.71,3,12,41,0,1.75,0,441
CUST0730,Technology,Small,Australia,Basic,3,742.05,Monthly,0,5,92,0.21,20.21,18,3,70.9,-18,-0.59,44,11,112,0,-17,37,212.7
CUST0731,Education,Small,India,Professional,54,1482.24,Monthly,0,1,43,0.88,82.8,56,6,54.5,32,0.37,16,18,89,0,-4.25,9,327
CUST0732,Education,Medium,UK,Enterprise,14,1339.9,Annual,0,4,80,0.72,73.74,41,6,91.33,-1,0.12,32,28,114,0,-0.5,25,547.98
CUST0733,Retail,Small,UK,Enterprise,40,256.73,Monthly,0,3,59,0.13,88.14,55,1,9.08,45,-0.59,4,1,75,0,-17.75,0,9.08
CUST0734,Healthcare,Large,India,Professional,59,1153.83,Monthly,0,1,52,0.67,79.46,36,1,81.11,71,0.81,27,0,40,0,-10,20,81.11
CUST0735,Technology,Medium,Australia,Basic,55,528.35,Monthly,0,2,97,0.67,26.63,41,1,119.67,-70,-0.45,23,7,46,0,-4.5,16,119.67
CUST0736,Healthcare,Large,Canada,Basic,4,1612.11,Monthly,0,2,19,0.96,11.32,36,1,93.84,18,-0.16,16,29,13,0,25.75,9,93.84
CUST0737,Technology,Small,India,Enterprise,59,863.36,Monthly,0,0,21,0.05,11.88,44,8,35.58,-7,-0.6,49,8,0,0,8,42,284.64
CUST0738,Retail,Small,Australia,Professional,60,1989.47,Annual,1,4,22,0.29,27.63,4,4,34.06,48,-0.22,38,24,16,0,20,31,136.24
CUST0739,Retail,Small,India,Enterprise,52,203.15,Annual,0,4,9,0.93,56.05,57,7,80.4,74,-0.02,47,26,96,0,2,40,562.8
CUST0740,Education,Medium,India,Professional,11,1565.09,Monthly,0,1,9,0.94,72.78,30,4,107.61,-71,-0.41,39,7,54,0,-6.5,32,430.44
CUST0741,Healthcare,Large,USA,Basic,58,1353.93,Monthly,0,3,73,0.73,81.13,24,4,69.78,-46,0.54,43,20,92,0,-3,36,279.12
CUST0742,Education,Medium,Australia,Professional,31,1539.65,Monthly,1,4,27,0.78,56.89,20,0,63.76,4,-0.21,45,16,52,0,3,38,0
CUST0743,Healthcare,Medium,Canada,Basic,43,628.91,Monthly,0,1,17,0.14,2.5,46,5,20.09,95,0.46,50,8,117,0,-21.25,43,100.45
CUST0744,Education,Small,USA,Professional,32,994.27,Monthly,1,1,44,0.54,18.4,56,3,86.14,96,-0.59,10,5,108,0,-22,3,258.42
CUST0745,Finance,Medium,India,Enterprise,27,1597.09,Monthly,0,5,45,0.27,10.78,31,2,84.57,-60,-0.25,11,27,30,0,19.5,4,169.14
CUST0746,Finance,Medium,India,Basic,30,480.43,Annual,0,5,8,0.22,33.97,24,5,116.07,72,-0.98,12,14,61,0,-1.25,5,580.35
CUST0747,Finance,Small,India,Enterprise,43,467.55,Annual,1,4,80,0.82,46.12,7,1,36.72,-27,0.52,7,22,7,0,20.25,0,36.72
CUST0748,Finance,Medium,Australia,Enterprise,2,1111.08,Monthly,0,1,18,0.18,5.82,26,7,91.02,57,0.25,0,23,29,0,15.75,0,637.14
CUST0749,Technology,Small,Australia,Basic,49,1056.66,Monthly,0,0,33,0.5,32.67,13,0,52.65,-24,0.64,8,12,76,0,-7,1,0
CUST0750,Finance,Small,USA,Basic,9,578.88,Monthly,1,0,1,0.94,17.77,54,8,67.46,-16,-0.09,27,20,79,1,0.25,20,539.68
CUST0751,Retail,Small,Canada,Enterprise,28,610.19,Monthly,1,5,76,0.23,58.94,8,7,98.16,72,0.6,1,21,65,0,4.75,0,687.12
CUST0752,Retail,Small,USA,Enterprise,31,570.13,Monthly,0,4,6,0.98,42.86,55,0,27.42,3,0.3,13,11,44,0,0,6,0
CUST0753,Technology,Medium,UK,Enterprise,60,1547.59,Monthly,0,3,41,0.99,45.59,5,9,41.8,72,-0.99,12,12,17,0,7.75,5,376.2
CUST0754,Finance,Small,India,Enterprise,34,1310.76,Annual,1,0,55,0.58,39.64,44,8,93.02,-22,-0.49,47,6,98,0,-18.5,40,744.16
CUST0755,Finance,Small,India,Basic,56,1668.19,Annual,1,0,5,0.21,86.13,13,1,68.88,-17,-0.01,1,22,44,0,11,0,68.88
CUST0756,Finance,Medium,India,Basic,15,1951.44,Monthly,1,5,59,0.35,20.9,29,2,12,72,0.24,3,17,18,0,12.5,0,24
CUST0757,Education,Medium,USA,Enterprise,48,958.85,Monthly,1,5,80,0.45,47.47,20,1,52.19,82,-0.87,11,13,76,0,-6,4,52.19
CUST0758,Healthcare,Large,USA,Professional,25,152.05,Monthly,0,4,18,0.34,66.77,14,7,70.81,86,0.41,47,10,114,0,-18.5,40,495.67
CUST0759,Education,Medium,India,Professional,36,115.22,Monthly,1,5,49,0.32,51,32,1,109.23,32,0.09,9,27,67,0,10.25,2,109.23
CUST0760,Healthcare,Medium,USA,Basic,8,605.42,Monthly,0,2,82,0.97,83.75,60,9,23.43,23,0.05,2,13,82,0,-7.5,0,210.87
CUST0761,Finance,Large,Australia,Enterprise,9,1866.44,Monthly,0,1,65,0.2,35.26,50,1,96.91,-69,-0.42,3,16,49,1,3.75,0,96.91
CUST0762,Finance,Medium,Australia,Enterprise,58,1055.96,Monthly,0,0,83,0.75,42.8,27,0,16.54,-95,0.19,5,23,24,0,17,0,0
CUST0763,Education,Medium,USA,Basic,58,558.14,Monthly,0,2,54,0.05,9.79,56,6,29.83,-7,-0.95,22,20,37,0,10.75,15,178.98
CUST0764,Education,Medium,India,Professional,37,810.35,Annual,0,3,61,0.62,55.59,25,1,29.96,-75,-0.87,4,25,114,0,-3.5,0,29.96
CUST0765,Healthcare,Medium,USA,Professional,48,1205.22,Monthly,1,2,8,0.92,27.36,52,9,105.42,-64,0.47,49,1,94,0,-22.5,42,948.78
CUST0766,Retail,Large,USA,Professional,45,1312.84,Monthly,0,4,3,0.32,16.11,4,4,24.68,-88,-0.36,2,18,35,0,9.25,0,98.72
CUST0767,Healthcare,Medium,USA,Basic,39,324.76,Monthly,0,3,25,0.23,49.92,21,4,94.65,-8,-0.31,9,15,67,0,-1.75,2,378.6
CUST0768,Education,Medium,UK,Professional,32,1954.52,Monthly,1,3,69,0.67,48.84,18,2,55.95,96,-0.58,42,21,55,0,7.25,35,111.9
CUST0769,Education,Large,Australia,Basic,58,1098.65,Monthly,0,5,55,0.73,8.68,39,2,119.89,-76,-0.11,18,9,38,0,-0.5,11,239.78
CUST0770,Technology,Small,Canada,Basic,52,288.66,Annual,0,2,40,0.7,63.44,15,2,100.85,40,-0.9,13,21,62,0,5.5,6,201.7
CUST0771,Education,Large,Canada,Enterprise,17,1789.4,Annual,0,4,83,0.35,56.89,53,5,89.02,-81,-0.4,20,7,6,0,5.5,13,445.1
CUST0772,Technology,Small,UK,Professional,35,167.78,Monthly,1,0,82,0.29,18.63,38,3,104.62,-29,0.05,59,20,118,0,-9.5,52,313.86
CUST0773,Retail,Large,USA,Basic,37,1817.32,Monthly,0,5,50,0.96,43.31,48,2,76.45,87,-0.07,42,4,57,0,-10.25,35,152.9
CUST0774,Healthcare,Large,UK,Professional,19,1993.2,Monthly,0,2,95,0.93,65.39,52,1,101.39,100,1,27,6,79,0,-13.75,20,101.39
CUST0775,Healthcare,Medium,UK,Professional,44,1406.85,Monthly,0,0,33,0.48,48.59,24,2,32.07,48,-0.22,20,25,58,0,10.5,13,64.14
CUST0776,Technology,Small,India,Enterprise,29,1545.49,Annual,0,2,18,0.85,36.8,8,3,12.63,14,-0.23,35,12,47,1,0.25,28,37.89
CUST0777,Healthcare,Medium,Australia,Professional,59,687.86,Monthly,0,5,57,0.48,30.37,28,5,74.3,26,0.01,23,15,4,0,14,16,371.5
CUST0778,Education,Small,Canada,Enterprise,7,1884.32,Monthly,0,0,16,0.45,55.71,21,3,52.73,88,-0.62,53,29,110,0,1.5,46,158.19
CUST0779,Finance,Large,USA,Basic,28,1068.83,Monthly,0,5,80,0.2,84.64,16,7,51.75,-75,0.75,37,4,86,0,-17.5,30,362.25
CUST0780,Technology,Large,Canada,Professional,9,1470.13,Monthly,1,2,38,0.46,61.11,60,2,63.68,-47,0.14,16,15,35,0,6.25,9,127.36
CUST0781,Healthcare,Small,Canada,Basic,28,1849.73,Annual,0,3,41,0.56,8.58,54,2,44,69,-0.62,21,14,95,0,-9.75,14,88
CUST0782,Technology,Medium,Australia,Professional,6,1950.86,Monthly,0,1,7,0.07,42.54,16,2,75.5,38,0.59,18,8,87,0,-13.75,11,151
CUST0783,Technology,Medium,Canada,Basic,29,1669.74,Annual,0,3,78,0.47,80.39,35,7,4.64,64,-0.93,44,21,24,0,15,37,32.48
CUST0784,Finance,Medium,Canada,Professional,58,619.97,Monthly,0,5,53,0.79,10.31,17,3,116.42,24,0.97,53,22,44,0,11,46,349.26
CUST0785,Education,Medium,UK,Professional,17,1933.76,Annual,1,5,63,0.7,89.02,9,0,111.04,-90,0.73,9,11,91,0,-11.75,2,0
CUST0786,Technology,Large,Australia,Professional,16,1263.68,Monthly,0,5,89,0.65,85.52,57,1,112.3,-74,0.16,10,7,18,0,2.5,3,112.3
CUST0787,Healthcare,Large,India,Professional,23,1862.67,Monthly,0,0,32,0.91,8.89,35,9,44.44,-7,-0.78,37,12,6,1,10.5,30,399.96
CUST0788,Retail,Large,USA,Professional,31,1358.69,Annual,1,4,38,0.07,84.14,52,1,64.3,-18,-0.57,1,4,107,0,-22.75,0,64.3
CUST0789,Technology,Large,Canada,Professional,3,628.33,Monthly,0,5,22,0.58,33.96,29,2,114.54,-67,-0.44,32,13,57,0,-1.25,25,229.08
CUST0790,Technology,Large,USA,Professional,21,752.65,Monthly,0,3,16,0.8,76.33,39,5,108.38,-63,-0.52,42,15,104,0,-11,35,541.9
CUST0791,Finance,Medium,India,Professional,26,1109.93,Monthly,0,1,52,0.56,38.82,18,7,95.04,88,0,30,10,80,0,-10,23,665.28
CUST0792,Education,Medium,USA,Professional,36,1584.23,Annual,0,5,29,0.36,40.8,12,0,49.47,-14,0.89,47,19,65,0,2.75,40,0
CUST0793,Retail,Medium,India,Basic,42,649.61,Monthly,0,5,16,0.18,57.81,19,8,68.16,80,-0.11,34,11,79,1,-8.75,27,545.28
CUST0794,Healthcare,Medium,UK,Enterprise,37,1167.87,Annual,0,5,76,0.89,70.15,48,0,95.36,-36,0.32,36,14,38,0,4.5,29,0
CUST0795,Retail,Large,Canada,Professional,53,704.34,Monthly,0,0,17,0.5,4.97,22,9,33.49,30,0.38,46,23,17,0,18.75,39,301.41
CUST0796,Healthcare,Large,India,Enterprise,22,1635.22,Monthly,1,5,64,0.88,54.2,59,1,75.55,94,0.74,46,11,102,0,-14.5,39,75.55
CUST0797,Education,Large,USA,Professional,42,944.12,Annual,0,3,91,0.61,18.43,56,2,99.52,55,-0.93,35,25,0,0,25,28,199.04
CUST0798,Healthcare,Small,Canada,Professional,12,171.91,Monthly,0,2,89,0.69,32.44,49,6,85.19,41,-0.19,22,8,62,0,-7.5,15,511.14
CUST0799,Finance,Medium,UK,Basic,42,348.78,Annual,0,4,13,0.81,32.62,52,8,58.06,-49,0.57,35,0,2,1,-0.5,28,464.48
CUST0800,Finance,Medium,Canada,Basic,13,140.99,Annual,0,5,72,0.68,43.28,15,2,70.57,-71,0.63,39,2,20,0,-3,32,141.14
CUST0801,Finance,Large,India,Enterprise,11,1008.62,Monthly,0,0,56,0.43,31.4,1,7,118.65,85,0.85,38,11,29,0,3.75,31,830.55
CUST0802,Finance,Medium,UK,Basic,54,230.55,Monthly,1,3,5,0.54,11.45,2,8,72.64,81,0.41,25,19,10,0,16.5,18,581.12
CUST0803,Retail,Medium,USA,Basic,16,246,Monthly,1,5,12,0.81,14.82,8,9,94.49,96,-0.51,24,12,21,0,6.75,17,850.41
CUST0804,Education,Large,UK,Enterprise,8,1883.28,Annual,1,0,41,0.4,4.94,22,6,87.47,12,0.01,16,22,110,0,-5.5,9,524.82
CUST0805,Healthcare,Small,UK,Basic,40,1747.86,Annual,1,2,3,0.42,43.38,25,3,84.48,42,-0.94,14,5,56,0,-9,7,253.44
CUST0806,Healthcare,Small,Australia,Professional,59,915.13,Monthly,0,1,99,0.14,85.99,2,3,86.25,65,0.29,36,9,88,0,-13,29,258.75
CUST0807,Finance,Small,UK,Enterprise,57,1971.89,Monthly,0,5,33,0.92,12.18,51,3,55.07,41,0.11,44,9,2,0,8.5,37,165.21
CUST0808,Finance,Large,UK,Enterprise,40,20.37,Monthly,0,3,86,0.14,85.27,9,5,57.43,84,0.33,3,15,29,0,7.75,0,287.15
CUST0809,Technology,Medium,Canada,Professional,45,1235.68,Annual,0,0,50,0.67,66.54,9,3,56.68,86,0.86,21,26,87,0,4.25,14,170.04
CUST0810,Education,Large,USA,Basic,59,1240.53,Monthly,1,0,56,0.44,58.1,13,4,4.96,-93,0.37,16,0,44,0,-11,9,19.84
CUST0811,Retail,Large,Canada,Enterprise,2,925.74,Monthly,0,5,9,0.44,58.78,6,8,29.69,-29,-0.36,21,15,35,0,6.25,14,237.52
CUST0812,Healthcare,Medium,Canada,Enterprise,30,805.96,Monthly,1,0,82,0.7,74.75,30,6,19.39,46,-0.6,16,3,86,0,-18.5,9,116.34
CUST0813,Technology,Small,India,Professional,30,921.66,Annual,0,1,50,0.11,11.41,15,7,106.49,-69,0.71,13,5,117,0,-24.25,6,745.43
CUST0814,Technology,Small,Canada,Professional,12,841.62,Monthly,1,0,29,0.61,46.42,51,4,33.72,-6,-0.61,13,18,71,0,0.25,6,134.88
CUST0815,Healthcare,Large,Australia,Basic,10,1466.38,Monthly,1,4,39,0.78,63.34,53,4,17.47,56,-0.68,16,1,63,0,-14.75,9,69.88
CUST0816,Retail,Small,Australia,Enterprise,44,288,Monthly,1,4,91,0.84,53.64,15,6,15.25,-60,-0.59,7,17,53,0,3.75,0,91.5
CUST0817,Technology,Large,India,Basic,11,411.33,Monthly,1,0,45,0.21,75.28,50,7,84.3,-26,0.02,33,9,67,1,-7.75,26,590.1
CUST0818,Technology,Large,USA,Basic,15,377.43,Annual,0,5,17,0.9,8.36,7,8,1.72,-56,-0.75,25,27,49,0,14.75,18,13.76
CUST0819,Education,Medium,USA,Professional,16,539.69,Annual,1,4,56,0.67,62.78,58,1,57.09,-88,0.88,44,27,102,0,1.5,37,57.09
CUST0820,Retail,Medium,Canada,Enterprise,17,1060.01,Monthly,1,3,98,0.89,48.99,11,2,15.15,54,0.93,29,3,106,1,-23.5,22,30.3
CUST0821,Technology,Medium,Canada,Enterprise,26,240.19,Monthly,1,4,46,0.51,35.37,40,1,102.11,-82,0.95,21,28,30,0,20.5,14,102.11
CUST0822,Retail,Large,Canada,Enterprise,2,1738.98,Monthly,0,0,67,0.56,31.94,38,9,115.06,53,-0.92,15,0,28,0,-7,8,1035.54
CUST0823,Healthcare,Medium,USA,Professional,50,608.78,Monthly,0,5,69,0.92,56.63,40,6,115.09,-48,0.89,29,14,58,0,-0.5,22,690.54
CUST0824,Finance,Small,UK,Professional,12,341.83,Annual,1,2,14,0.9,80.41,2,1,53.59,78,0.99,15,9,35,0,0.25,8,53.59
CUST0825,Technology,Small,Australia,Professional,51,1357.73,Monthly,0,5,67,0.48,45.66,51,1,77.7,64,0.88,37,17,76,0,-2,30,77.7
CUST0826,Education,Large,UK,Professional,26,95.41,Monthly,1,5,23,0.31,74.58,48,1,72.36,36,0.34,53,15,104,0,-11,46,72.36
CUST0827,Healthcare,Large,UK,Professional,23,1247.54,Monthly,0,5,94,0.42,37.39,39,3,42.65,79,0.4,23,12,72,0,-6,16,127.95
CUST0828,Retail,Medium,USA,Enterprise,18,1402.43,Monthly,0,3,61,0.42,11.01,10,0,53.84,81,-0.76,35,25,118,0,-4.5,28,0
CUST0829,Healthcare,Large,UK,Basic,32,445.53,Monthly,0,1,23,0.32,7.41,44,1,8.65,-98,0.75,34,14,84,0,-7,27,8.65
CUST0830,Technology,Large,India,Enterprise,49,103.09,Monthly,0,0,27,0.31,6.52,17,2,95.69,-5,-0.88,5,1,114,0,-27.5,0,191.38
CUST0831,Retail,Small,Canada,Basic,38,740.02,Monthly,0,1,54,0.87,35.45,7,6,29.66,96,-0.36,3,19,66,0,2.5,0,177.96
CUST0832,Finance,Small,India,Professional,57,215.22,Annual,0,2,10,0.12,31.68,54,9,55.8,35,0.98,17,3,88,0,-19,10,502.2
CUST0833,Healthcare,Medium,Australia,Basic,47,250.63,Monthly,0,1,89,0.69,65.18,40,0,58.19,-87,-0.16,5,0,88,0,-22,0,0
CUST0834,Technology,Large,Canada,Enterprise,3,523.44,Monthly,0,0,77,0.21,67.37,39,5,67.72,19,-0.74,25,6,75,0,-12.75,18,338.6
CUST0835,Education,Large,UK,Enterprise,38,605.03,Annual,0,0,16,0.38,6.48,4,2,98.33,30,0.94,36,22,92,1,-1,29,196.66
CUST0836,Retail,Small,Australia,Basic,3,1069.34,Monthly,1,2,41,0.11,21.46,35,2,83.33,51,0.97,26,25,10,0,22.5,19,166.66
CUST0837,Healthcare,Large,Canada,Professional,30,1363.22,Annual,1,0,98,0.31,26.14,51,3,79.9,-88,-0.63,40,10,115,0,-18.75,33,239.7
CUST0838,Healthcare,Small,UK,Professional,1,1193.69,Monthly,1,2,55,0.78,50.19,47,3,63.68,70,0.73,10,25,10,0,22.5,3,191.04
CUST0839,Finance,Medium,India,Enterprise,30,313.75,Monthly,1,2,61,0.89,14.72,36,6,12.42,56,-0.22,37,9,112,0,-19,30,74.52
CUST0840,Finance,Small,Canada,Basic,45,360.73,Monthly,1,0,86,0.26,13.79,31,2,48.84,-29,-0.24,15,0,25,0,-6.25,8,97.68
CUST0841,Education,Large,UK,Professional,32,1759.96,Monthly,0,4,81,0.49,85.05,25,7,114.92,78,-0.47,18,10,52,0,-3,11,804.44
CUST0842,Education,Medium,India,Professional,28,1125.54,Monthly,1,2,87,0.5,72.77,41,7,119.47,69,-0.91,42,23,13,1,19.75,35,836.29
CUST0843,Technology,Small,Australia,Enterprise,21,1742.48,Annual,1,0,49,0.88,17.9,13,6,87.93,58,-0.46,52,9,63,0,-6.75,45,527.58
CUST0844,Technology,Small,Australia,Professional,58,755.66,Monthly,0,4,73,0.77,37.78,18,1,28.07,90,-0.89,14,13,79,0,-6.75,7,28.07
CUST0845,Education,Medium,Australia,Basic,46,1236.51,Monthly,0,2,52,0.54,33.29,21,4,13.12,53,0.85,25,13,119,0,-16.75,18,52.48
CUST0846,Education,Medium,Australia,Enterprise,13,1056.85,Monthly,1,4,2,0.69,71.61,48,5,50.36,45,0.32,55,6,9,0,3.75,48,251.8
CUST0847,Retail,Small,USA,Enterprise,27,651.86,Monthly,0,3,96,0.85,46.9,1,9,102.93,-19,0.77,40,22,30,1,14.5,33,926.37
CUST0848,Finance,Large,Canada,Basic,36,950.43,Monthly,0,5,50,0.06,13.25,36,3,86.9,-44,0.43,55,10,94,0,-13.5,48,260.7
CUST0849,Technology,Small,Canada,Enterprise,7,1014.93,Monthly,0,3,86,0.43,67.03,50,9,106.18,-94,-0.74,30,21,35,0,12.25,23,955.62
CUST0850,Finance,Medium,USA,Professional,22,417.53,Annual,0,4,43,0.91,36.93,8,4,74.28,11,0.88,18,27,9,0,24.75,11,297.12
CUST0851,Finance,Small,UK,Professional,10,643.72,Annual,0,2,77,0.75,25.14,52,8,16.51,-53,0.8,56,3,25,0,-3.25,49,132.08
CUST0852,Education,Medium,UK,Basic,39,1586.99,Monthly,0,0,8,0.57,35.04,48,6,14.66,-21,-0.3,50,26,19,0,21.25,43,87.96
CUST0853,Retail,Medium,Australia,Professional,53,1833.26,Monthly,0,1,59,0.55,45.8,21,1,6.71,18,-0.78,23,23,43,0,12.25,16,6.71
CUST0854,Healthcare,Large,India,Basic,15,732.39,Annual,0,0,65,0.38,32.19,43,0,68.48,19,0.41,57,1,61,1,-14.25,50,0
CUST0855,Retail,Medium,UK,Basic,15,627.81,Annual,1,1,81,0.54,23.29,52,1,29.9,-41,0.46,8,6,72,0,-12,1,29.9
CUST0856,Retail,Medium,India,Professional,4,406.49,Monthly,1,1,12,0.67,37.07,53,2,88.39,-68,0.79,22,18,78,0,-1.5,15,176.78
CUST0857,Finance,Large,Canada,Basic,32,1363.41,Annual,0,2,4,0.45,3.69,53,1,82.66,14,-0.89,3,13,8,0,11,0,82.66
CUST0858,Retail,Medium,India,Professional,23,659.74,Monthly,1,4,77,0.73,69.98,21,2,38.86,27,-0.72,9,18,70,0,0.5,2,77.72
CUST0859,Technology,Large,Canada,Enterprise,55,1975.74,Annual,0,0,95,0.87,17.04,27,9,22.04,-98,0.2,8,29,89,0,6.75,1,198.36
CUST0860,Finance,Large,USA,Enterprise,6,664.86,Monthly,0,4,41,0.2,5.86,19,8,13.19,-97,0.24,18,6,23,0,0.25,11,105.52
CUST0861,Technology,Medium,USA,Basic,24,800.39,Monthly,0,3,7,0.48,59.53,23,3,88.74,-1,-0.93,14,11,11,0,8.25,7,266.22
CUST0862,Healthcare,Medium,Australia,Professional,20,1214.6,Annual,0,2,87,0.44,70.11,51,8,54.6,-97,-0.21,50,2,59,0,-12.75,43,436.8
CUST0863,Finance,Small,UK,Professional,58,1607.33,Monthly,0,2,88,0.7,73.62,50,2,39.5,-59,0.17,33,14,83,0,-6.75,26,79
CUST0864,Healthcare,Large,Australia,Enterprise,37,949.65,Monthly,0,3,69,0.29,45.43,51,0,102.94,-92,0.48,41,4,119,0,-25.75,34,0
CUST0865,Finance,Small,Canada,Enterprise,20,856.86,Monthly,1,0,69,0.66,20.07,43,4,71.64,-50,-0.37,18,7,77,0,-12.25,11,286.56
CUST0866,Education,Medium,Australia,Professional,12,1991.36,Annual,1,5,81,0.88,66.88,35,9,62.64,44,-0.03,48,13,85,0,-8.25,41,563.76
CUST0867,Retail,Small,India,Basic,33,40.78,Annual,0,3,30,0.45,63.57,40,9,89.46,44,0.63,51,28,15,0,24.25,44,805.14
CUST0868,Education,Large,Canada,Enterprise,28,1792.23,Annual,0,0,73,0.92,23.67,52,1,98.05,-4,0.91,55,3,28,0,-4,48,98.05
CUST0869,Healthcare,Small,USA,Basic,8,315.3,Monthly,0,1,6,0.99,81.5,51,3,82.64,-81,-0.54,20,6,31,0,-1.75,13,247.92
CUST0870,Retail,Large,UK,Basic,1,1576.13,Annual,0,2,89,0.15,11.18,42,1,53.36,41,-0.49,33,6,82,0,-14.5,26,53.36
CUST0871,Finance,Medium,Canada,Enterprise,37,1243.5,Monthly,1,0,19,0.27,88.48,48,1,46.14,-79,0.88,50,17,118,1,-12.5,43,46.14
CUST0872,Retail,Medium,Canada,Basic,22,696.86,Monthly,0,4,80,0.95,77.7,5,2,92.83,79,-0.21,16,13,34,0,4.5,9,185.66
CUST0873,Technology,Large,India,Basic,6,1750.27,Annual,1,4,85,0.96,62.54,52,4,62.63,-74,0.44,17,7,42,0,-3.5,10,250.52
CUST0874,Retail,Medium,UK,Professional,21,45.56,Monthly,1,2,66,0.14,84.61,41,3,84.82,-58,0.22,16,25,95,0,1.25,9,254.46
CUST0875,Technology,Medium,USA,Basic,32,468.85,Monthly,0,3,10,0.06,65.56,8,1,106.96,30,-0.43,1,11,118,0,-18.5,0,106.96
CUST0876,Retail,Medium,Canada,Professional,35,1142.45,Monthly,1,5,16,0.2,18.76,11,9,109.99,-7,0.31,50,9,52,0,-4,43,989.91
CUST0877,Technology,Medium,Canada,Enterprise,15,716.05,Monthly,0,3,37,1,40.91,16,1,34.05,-93,0.31,0,13,19,1,8.25,0,34.05
CUST0878,Healthcare,Large,India,Enterprise,5,1228.55,Annual,0,0,79,0.22,8.29,39,5,23.36,-15,0.18,42,8,114,1,-20.5,35,116.8
CUST0879,Education,Small,Australia,Professional,60,67.74,Monthly,0,3,77,0.53,36.29,47,6,32.09,-12,-0.8,56,5,103,0,-20.75,49,192.54
CUST0880,Finance,Small,USA,Enterprise,56,250.59,Annual,0,2,77,0.86,67.26,24,9,90.41,37,0.99,9,29,83,0,8.25,2,813.69
CUST0881,Retail,Medium,UK,Basic,46,271.65,Monthly,0,0,32,0.07,36.01,21,5,45.04,12,-0.2,36,4,7,0,2.25,29,225.2
CUST0882,Education,Small,Canada,Basic,50,394.78,Monthly,0,1,47,0.62,31.07,52,6,21.63,56,0.28,47,0,98,0,-24.5,40,129.78
CUST0883,Finance,Small,Canada,Basic,48,929.48,Monthly,1,3,72,0.31,54.39,23,0,12.71,67,0.77,55,0,41,0,-10.25,48,0
CUST0884,Finance,Medium,USA,Enterprise,6,1509.21,Annual,1,3,43,0.87,78.75,49,5,39.95,92,-0.15,4,24,76,0,5,0,199.75
CUST0885,Technology,Medium,Australia,Basic,25,1812.97,Monthly,1,5,82,0.32,6.19,38,2,17.2,-80,0.55,55,29,104,0,3,48,34.4
CUST0886,Healthcare,Small,Canada,Enterprise,56,1674.04,Annual,0,0,36,0.7,35.92,47,0,19.61,51,0.94,54,19,69,0,1.75,47,0
CUST0887,Healthcare,Large,USA,Basic,46,409.84,Monthly,1,4,26,0.69,15.93,8,7,82.38,100,-0.28,11,16,110,0,-11.5,4,576.66
CUST0888,Education,Medium,India,Professional,59,893.48,Monthly,0,3,10,0.26,63.19,7,3,3.35,87,-0.19,35,10,15,0,6.25,28,10.05
CUST0889,Healthcare,Large,Australia,Enterprise,56,414.83,Monthly,1,2,31,0.08,11.3,2,9,14.99,53,0.81,30,25,68,0,8,23,134.91
CUST0890,Retail,Small,UK,Enterprise,40,543.65,Annual,1,3,97,0.44,60.5,30,7,101.48,-92,-0.68,54,11,52,0,-2,47,710.36
CUST0891,Healthcare,Medium,Canada,Basic,29,1017.02,Annual,1,5,29,0.32,27.18,13,9,101.54,47,-0.94,37,2,44,0,-9,30,913.86
CUST0892,Education,Large,USA,Enterprise,7,154.86,Monthly,0,1,5,0.82,19.5,23,3,40.18,83,0.82,50,5,50,0,-7.5,43,120.54
CUST0893,Healthcare,Medium,India,Enterprise,40,451.99,Monthly,1,5,77,0.81,84.4,29,3,11.47,-65,0.64,8,29,97,0,4.75,1,34.41
CUST0894,Retail,Small,UK,Professional,13,1872.05,Monthly,0,3,1,0.48,3.63,38,9,84.89,-65,0.95,43,10,5,0,8.75,36,764.01
CUST0895,Technology,Large,USA,Professional,38,942.91,Annual,1,4,87,0.63,40.52,37,3,43.86,-28,-0.88,25,28,32,0,20,18,131.58
CUST0896,Education,Small,USA,Basic,18,901.87,Monthly,0,3,3,0.62,3.9,20,5,6.41,49,-0.69,14,12,78,1,-7.5,7,32.05
CUST0897,Technology,Small,UK,Professional,2,48.84,Annual,0,0,67,0.84,44.56,33,8,19.78,-100,-0.79,15,10,14,0,6.5,8,158.24
CUST0898,Technology,Medium,India,Basic,8,509.85,Annual,0,3,71,0.45,46.09,29,4,17.33,-32,0.37,12,7,13,1,3.75,5,69.32
CUST0899,Technology,Large,India,Basic,11,1735.26,Monthly,1,4,35,0.31,30.31,50,9,71.1,100,0.21,24,28,38,0,18.5,17,639.9
CUST0900,Finance,Small,Australia,Basic,33,345.96,Annual,0,0,15,0.3,13.63,15,7,107.88,-64,-0.28,29,9,62,0,-6.5,22,755.16
CUST0901,Finance,Small,Canada,Enterprise,54,841.95,Monthly,0,2,67,0.56,35.12,23,7,95.38,-29,-0.89,52,1,4,0,0,45,667.66
CUST0902,Technology,Large,UK,Professional,38,48.38,Monthly,1,0,93,0.48,61.16,42,3,66.04,6,0.28,55,23,115,0,-5.75,48,198.12
CUST0903,Education,Small,UK,Basic,48,967.1,Monthly,1,5,30,0.47,70.85,3,9,51.24,-5,0.14,6,13,89,0,-9.25,0,461.16
CUST0904,Retail,Small,UK,Professional,27,61.62,Monthly,0,1,82,0.14,48.71,37,8,74.62,40,-0.77,56,28,111,0,0.25,49,596.96
CUST0905,Retail,Large,India,Basic,20,1642.83,Annual,0,5,75,0.73,53.91,56,8,53.81,-17,0.82,54,15,80,0,-5,47,430.48
CUST0906,Healthcare,Large,Canada,Professional,12,1653.21,Monthly,1,0,43,0.25,19.65,29,4,30.29,-58,-0.6,51,16,106,0,-10.5,44,121.16
CUST0907,Education,Large,Australia,Professional,43,1579.73,Monthly,1,2,60,0.24,27.29,45,5,81.82,-64,0.49,3,10,110,1,-17.5,0,409.1
CUST0908,Finance,Large,USA,Basic,31,581.06,Monthly,0,3,40,0.44,16.25,8,4,104.92,-76,0.77,42,1,51,1,-11.75,35,419.68
CUST0909,Technology,Medium,USA,Enterprise,27,1677.73,Monthly,0,0,65,0.27,23.94,22,2,45.37,48,0.16,39,23,15,0,19.25,32,90.74
CUST0910,Healthcare,Large,UK,Professional,32,1095.14,Monthly,0,5,29,0.6,21.79,53,7,101.14,68,-0.51,37,22,98,1,-2.5,30,707.98
CUST0911,Retail,Medium,Canada,Enterprise,10,760.14,Monthly,1,0,74,0.4,47.71,29,8,52.3,-28,-0.38,56,4,37,0,-5.25,49,418.4
CUST0912,Finance,Medium,India,Enterprise,3,1258.15,Monthly,0,0,92,0.48,51.52,2,3,48.76,69,0.77,29,28,52,0,15,22,146.28
CUST0913,Finance,Medium,Canada,Basic,45,44.44,Annual,0,0,95,0.56,85.16,41,8,4.37,-59,-0.4,9,15,86,0,-6.5,2,34.96
CUST0914,Technology,Small,Canada,Basic,27,303.06,Annual,0,2,19,0.24,19.21,49,8,83.74,-99,0.49,29,15,76,1,-4,22,669.92
CUST0915,Retail,Medium,India,Basic,35,1489.74,Monthly,1,4,3,0.2,58.47,59,6,97.09,95,0.98,38,25,96,0,1,31,582.54
CUST0916,Education,Medium,UK,Professional,31,503.44,Annual,0,4,36,0.89,73.92,50,7,79.96,35,1,6,1,92,0,-22,0,559.72
CUST0917,Finance,Small,Canada,Basic,15,1204.06,Monthly,0,0,43,0.46,51.3,45,2,19.01,-5,0.07,35,15,52,0,2,28,38.02
CUST0918,Technology,Small,USA,Basic,16,782.5,Monthly,0,2,15,0.44,24.44,1,4,13.29,-40,0.65,34,24,45,0,12.75,27,53.16
CUST0919,Education,Small,India,Professional,13,1712.52,Monthly,1,2,97,0.08,25.1,44,2,69.17,-87,0.98,23,4,97,0,-20.25,16,138.34
CUST0920,Retail,Large,Australia,Professional,49,1905.78,Monthly,0,0,41,0.52,5.45,20,6,48.78,12,-0.25,38,7,97,0,-17.25,31,292.68
CUST0921,Finance,Small,UK,Basic,35,1769.46,Monthly,1,5,90,0.58,28.88,52,5,52.06,-24,-0.5,35,28,90,0,5.5,28,260.3
CUST0922,Education,Small,India,Basic,52,555.83,Annual,0,5,80,0.58,67.53,21,2,116.17,-80,-0.77,44,19,14,1,15.5,37,232.34
CUST0923,Education,Medium,Australia,Basic,11,404.44,Monthly,1,1,36,0.72,6.18,37,8,87.15,51,-0.72,19,13,58,0,-1.5,12,697.2
CUST0924,Education,Small,Australia,Basic,59,959.38,Annual,0,0,97,0.22,21.3,8,0,50,77,0.71,48,24,49,0,11.75,41,0
CUST0925,Finance,Large,Canada,Enterprise,21,34.52,Monthly,0,1,84,0.29,64.15,27,9,3.27,72,0.18,31,9,8,0,7,24,29.43
CUST0926,Finance,Small,Canada,Enterprise,51,71.1,Annual,0,5,77,0.82,70.87,47,2,5.06,91,0.75,58,22,25,0,15.75,51,10.12
CUST0927,Healthcare,Large,Canada,Basic,54,1115.52,Monthly,1,5,33,0.95,42.07,59,9,82.49,-37,0.58,38,1,2,0,0.5,31,742.41
CUST0928,Retail,Small,India,Enterprise,11,1050.49,Monthly,0,0,5,0.18,63.43,35,6,100.69,53,0.35,48,2,99,0,-22.75,41,604.14
CUST0929,Technology,Small,India,Professional,30,1989.27,Monthly,1,1,78,0.52,36.14,6,2,85.22,59,0.22,25,29,46,1,17.5,18,170.44
CUST0930,Education,Small,UK,Enterprise,60,419.65,Monthly,1,1,91,0.25,16.07,60,2,49.3,-44,-0.9,25,17,4,0,16,18,98.6
CUST0931,Healthcare,Small,Canada,Enterprise,48,531.05,Monthly,0,0,87,0.11,37.04,45,1,4.71,18,0.74,35,20,61,0,4.75,28,4.71
CUST0932,Technology,Large,Australia,Basic,53,244.81,Annual,1,1,14,0.36,53.04,44,8,116.12,80,-0.16,42,1,83,0,-19.75,35,928.96
CUST0933,Healthcare,Large,USA,Enterprise,35,1836.74,Monthly,0,3,68,0.19,85.43,19,3,118.37,60,0.12,34,20,83,0,-0.75,27,355.11
CUST0934,Finance,Medium,UK,Enterprise,22,1560.07,Annual,1,5,83,0.72,8.05,18,9,66.37,-49,-0.96,42,28,4,0,27,35,597.33
CUST0935,Education,Large,India,Enterprise,38,1648.23,Monthly,0,4,47,0.56,46.65,56,5,9.41,-6,0.87,34,8,9,0,5.75,27,47.05
CUST0936,Technology,Small,UK,Enterprise,31,1807.47,Annual,0,2,54,0.19,30.94,1,1,65.38,45,0.81,11,1,79,0,-18.75,4,65.38
CUST0937,Technology,Medium,UK,Professional,14,1059.3,Monthly,1,1,4,0.06,46.73,25,8,107.19,62,0.09,32,24,62,0,8.5,25,857.52
CUST0938,Technology,Medium,UK,Basic,24,913.36,Monthly,0,1,94,0.82,4.11,27,6,81.92,39,0.15,35,6,24,0,0,28,491.52
CUST0939,Technology,Medium,UK,Basic,50,674.18,Annual,0,2,83,0.22,29.55,7,9,86.68,78,0.41,13,6,43,0,-4.75,6,780.12
CUST0940,Technology,Small,USA,Professional,49,1186.64,Monthly,0,1,95,0.63,74.15,44,4,11.11,-12,-0.47,32,13,24,0,7,25,44.44
CUST0941,Healthcare,Large,Canada,Enterprise,32,919.47,Monthly,0,2,95,0.37,50.75,42,6,13.67,-91,-0.56,45,4,29,1,-3.25,38,82.02
CUST0942,Education,Small,Australia,Professional,36,914.1,Monthly,1,0,9,0.61,41.65,29,3,16.15,-49,0.35,44,7,13,0,3.75,37,48.45
CUST0943,Finance,Medium,UK,Enterprise,32,1875.12,Monthly,0,3,53,0.35,27.13,31,9,108.62,-67,-0.79,44,22,85,0,0.75,37,977.58
CUST0944,Finance,Small,UK,Professional,55,1968.38,Monthly,1,3,77,0.13,28.23,44,6,63.58,14,-0.09,23,21,42,0,10.5,16,381.48
CUST0945,Finance,Small,UK,Basic,15,1597.04,Annual,0,5,78,0.26,35.71,43,1,95.2,94,-0.01,14,17,27,0,10.25,7,95.2
CUST0946,Finance,Large,Canada,Basic,43,1518.38,Monthly,0,4,60,0.23,75.53,36,6,14.72,66,-0.24,30,5,93,0,-18.25,23,88.32
CUST0947,Healthcare,Large,India,Basic,58,1367.51,Monthly,1,1,46,0.46,87.11,19,3,111.39,35,-0.63,16,13,18,0,8.5,9,334.17
CUST0948,Retail,Medium,India,Enterprise,35,348.83,Monthly,0,4,54,0.68,40.6,6,3,98.72,24,-0.29,11,17,101,0,-8.25,4,296.16
CUST0949,Education,Small,USA,Enterprise,3,137.03,Monthly,1,0,74,0.3,36.62,25,0,27.75,56,-0.32,21,16,41,0,5.75,14,0
CUST0950,Technology,Small,India,Professional,16,1387.64,Monthly,1,3,95,0.06,76.5,31,2,105.03,49,0,22,8,19,0,3.25,15,210.06
CUST0951,Retail,Large,UK,Professional,5,1463,Annual,0,0,37,0.54,39.57,9,4,32.35,97,0.35,25,12,98,0,-12.5,18,129.4
CUST0952,Finance,Small,UK,Basic,21,113.01,Monthly,0,0,23,0.63,50.58,20,4,25.44,88,0.94,13,15,85,0,-6.25,6,101.76
CUST0953,Retail,Small,UK,Enterprise,10,1857.54,Annual,0,1,27,0.96,22.32,10,1,32.45,-58,-0.71,11,20,78,0,0.5,4,32.45
CUST0954,Education,Small,USA,Professional,19,200.46,Monthly,0,0,70,0.61,67.43,37,3,109.28,76,0.75,49,9,10,0,6.5,42,327.84
CUST0955,Technology,Large,UK,Enterprise,25,586.08,Monthly,1,3,90,0.5,48.81,27,0,109.96,-72,-0.43,3,9,53,0,-4.25,0,0
CUST0956,Technology,Medium,India,Enterprise,4,1351.33,Monthly,0,4,66,0.59,73.2,13,8,40.15,5,0.18,58,3,97,0,-21.25,51,321.2
CUST0957,Education,Medium,Canada,Basic,29,356.35,Monthly,0,3,61,0.93,70.7,41,0,84.95,19,0.09,45,11,23,0,5.25,38,0
CUST0958,Education,Small,Canada,Basic,19,129.72,Monthly,0,1,77,0.84,20.92,2,5,81.41,-20,0.11,50,26,69,0,8.75,43,407.05
CUST0959,Finance,Medium,Australia,Enterprise,43,675.67,Monthly,0,3,51,0.36,64.98,50,6,96.98,-70,0.45,12,7,16,1,3,5,581.88
CUST0960,Technology,Large,India,Enterprise,2,1536.62,Annual,0,2,50,0.28,72.4,21,2,36.28,80,-0.24,56,14,27,0,7.25,49,72.56
CUST0961,Retail,Large,UK,Enterprise,10,839.08,Monthly,1,4,19,0.3,32.46,33,0,61.71,61,-0.36,54,20,49,0,7.75,47,0
CUST0962,Healthcare,Medium,Canada,Enterprise,43,1312.89,Annual,1,2,1,0.53,17.19,24,6,80.45,27,0.71,17,29,94,0,5.5,10,482.7
CUST0963,Healthcare,Medium,India,Basic,25,1167.65,Monthly,1,2,40,0.76,2.23,53,2,4.12,-63,-0.56,42,22,99,0,-2.75,35,8.24
CUST0964,Education,Small,Canada,Professional,20,63.99,Annual,1,5,32,0.53,41.68,44,9,45.83,84,-0.64,27,18,54,0,4.5,20,412.47
CUST0965,Finance,Medium,UK,Basic,48,1977.31,Annual,0,1,22,0.11,33.01,42,5,83.81,0,-0.97,37,14,72,0,-4,30,419.05
CUST0966,Healthcare,Small,Canada,Professional,19,102.03,Monthly,1,0,93,0.74,50.83,34,5,31.06,31,-0.58,40,7,9,1,4.75,33,155.3
CUST0967,Technology,Small,Australia,Enterprise,23,1936.25,Annual,0,2,66,0.82,18.55,60,3,114.97,29,0.04,43,7,20,0,2,36,344.91
CUST0968,Education,Large,Australia,Professional,24,1108.73,Monthly,0,3,40,0.33,77.65,9,5,4.59,-89,0.08,18,18,57,0,3.75,11,22.95
CUST0969,Retail,Large,Canada,Basic,11,1927.05,Annual,0,0,38,0.68,24.68,2,9,115.01,-66,-0.49,45,8,33,0,-0.25,38,1035.09
CUST0970,Education,Large,India,Basic,46,247.21,Monthly,0,3,48,0.46,21.93,55,3,26.79,97,-0.86,46,29,94,1,5.5,39,80.37
CUST0971,Retail,Large,India,Enterprise,34,991.01,Monthly,1,3,55,0.89,44.3,56,7,6.81,9,0.49,42,23,92,0,0,35,47.67
CUST0972,Education,Medium,India,Basic,55,355.62,Annual,0,0,75,0.85,45.9,30,8,35.8,-29,0.52,37,16,106,0,-10.5,30,286.4
CUST0973,Education,Large,Canada,Enterprise,28,120.93,Monthly,1,0,81,0.55,20.93,22,1,94.57,48,1,45,7,42,0,-3.5,38,94.57
CUST0974,Education,Medium,India,Basic,5,1242.71,Monthly,0,3,55,0.71,25.92,46,6,90.54,9,0.8,2,11,10,0,8.5,0,543.24
CUST0975,Retail,Large,UK,Basic,59,431.41,Annual,0,1,51,0.89,16.93,11,8,25.85,-40,0.85,18,26,32,0,18,11,206.8
CUST0976,Retail,Medium,Australia,Enterprise,5,1183.64,Monthly,1,4,60,0.52,65.22,55,8,24.42,62,0.6,19,14,57,1,-0.25,12,195.36
CUST0977,Education,Small,UK,Professional,51,242.48,Monthly,0,5,8,0.35,69.77,43,4,77.47,-53,0.23,24,3,45,0,-8.25,17,309.88
CUST0978,Healthcare,Medium,India,Basic,21,677.33,Monthly,0,4,86,0.77,42.68,17,0,55.51,42,-0.74,10,5,60,0,-10,3,0
CUST0979,Finance,Medium,UK,Professional,12,1567.63,Monthly,0,1,68,0.26,64.84,36,5,95.28,-30,0.24,55,29,61,0,13.75,48,476.4
CUST0980,Finance,Large,India,Basic,50,885.36,Annual,0,5,75,0.42,66.76,13,7,3.87,42,-0.89,16,28,0,0,28,9,27.09
CUST0981,Finance,Medium,Canada,Basic,4,1262.94,Monthly,1,0,72,0.87,14.17,7,0,73.64,33,0.77,59,15,20,0,10,52,0
CUST0982,Retail,Small,UK,Basic,54,1301.97,Monthly,0,5,9,0.74,87.02,16,1,87.95,-33,-0.04,58,25,61,0,9.75,51,87.95
CUST0983,Retail,Small,Canada,Basic,49,1690.63,Monthly,1,3,90,0.43,74.25,33,0,119.21,-79,0.39,48,24,63,0,8.25,41,0
CUST0984,Healthcare,Large,Canada,Professional,42,663.35,Annual,1,4,2,0.25,19.99,45,4,81.78,-69,-0.9,54,4,86,0,-17.5,47,327.12
CUST0985,Finance,Small,USA,Professional,20,1380.85,Monthly,1,5,80,0.39,18.38,1,1,28.59,22,0.07,34,22,72,0,4,27,28.59
CUST0986,Finance,Medium,India,Basic,38,1924,Monthly,1,3,95,0.32,13.06,11,9,13.87,-79,-0.4,13,12,55,0,-1.75,6,124.83
CUST0987,Education,Small,Australia,Basic,25,1465.88,Annual,0,1,70,0.22,14.18,6,9,77.27,54,-0.43,58,14,0,0,14,51,695.43
CUST0988,Retail,Large,India,Professional,14,989.94,Monthly,1,5,85,0.76,67.84,20,3,63.26,9,-0.22,38,16,20,0,11,31,189.78
CUST0989,Finance,Medium,Australia,Enterprise,11,1268.82,Monthly,0,3,90,0.29,43.33,35,0,108,-86,-1,56,24,21,0,18.75,49,0
CUST0990,Healthcare,Large,India,Enterprise,32,1484.57,Monthly,0,1,59,0.48,70.9,44,6,87.47,23,-0.07,18,29,53,1,15.75,11,524.82
CUST0991,Healthcare,Medium,Canada,Professional,11,1232.31,Monthly,1,0,19,0.42,67.67,37,7,61.66,-57,-0.03,2,21,3,0,20.25,0,431.62
CUST0992,Finance,Small,UK,Basic,18,53.02,Monthly,0,1,28,0.98,55.21,41,4,49.03,14,0.73,33,26,64,0,10,26,196.12
CUST0993,Retail,Large,UK,Basic,27,405.65,Monthly,0,1,72,0.42,62.4,26,1,49.12,-92,-0.1,57,19,50,0,6.5,50,49.12
CUST0994,Healthcare,Large,USA,Enterprise,55,1624.73,Annual,0,4,14,0.13,3.62,58,7,27.93,-67,-0.27,48,21,73,0,2.75,41,195.51
CUST0995,Education,Medium,Australia,Enterprise,54,559.85,Monthly,0,3,24,0.14,29.44,12,0,3.06,-28,0.99,40,4,62,0,-11.5,33,0
CUST0996,Healthcare,Large,Australia,Professional,18,1468.49,Annual,0,5,44,0.61,58.13,30,6,69.41,42,0.14,21,18,14,0,14.5,14,416.46
CUST0997,Technology,Medium,Australia,Enterprise,56,756.8,Monthly,0,4,56,0.62,2.82,28,0,26.28,89,-0.05,37,6,115,0,-22.75,30,0
CUST0998,Technology,Medium,Canada,Professional,23,1053.33,Annual,0,2,90,0.45,4.9,27,5,25.79,-56,-0.01,55,2,35,0,-6.75,48,128.95
CUST0999,Retail,Medium,Australia,Enterprise,11,154.59,Annual,0,1,95,0.46,76.97,42,5,15.92,-29,0.62,26,12,28,0,5,19,79.6
CUST1000,Finance,Medium,UK,Enterprise,21,378.83,Monthly,0,2,51,0.1,62.19,19,4,23.56,-43,-0.32,20,13,51,0,0.25,13,94.24
